client_id,prenom,nom,ville,segment,date_inscription,email
1,Jade,Vandamme,Lille,Particulier,2023-02-12,jade.vandamme63@email.fr
2,Raphaël,Druon,Douai,Particulier,2024-12-27,raphaël.druon58@email.fr
3,Raphaël,Lecocq,Lille,Particulier,2022-05-10,raphaël.lecocq74@email.fr
4,Louis,Lefebvre,Lille,Particulier,2023-01-24,louis.lefebvre98@email.fr
5,Adam,Wattel,Roubaix,Particulier,2022-03-15,adam.wattel1@email.fr
6,Gabriel,Lefebvre,Amiens,Particulier,2024-06-11,gabriel.lefebvre98@email.fr
7,Lucas,Hennion,Arras,Particulier,2024-02-28,lucas.hennion11@email.fr
8,Maël,Lefebvre,Calais,Professionnel,2024-07-16,maël.lefebvre52@email.fr
9,Gabriel,Becquart,Roubaix,Particulier,2022-07-09,gabriel.becquart34@email.fr
10,Sarah,Delplace,Roubaix,Particulier,2023-12-15,sarah.delplace63@email.fr
11,Gabriel,Hennion,Lille,Professionnel,2021-10-16,gabriel.hennion71@email.fr
12,Gabriel,Lemoine,Dunkerque,Professionnel,2022-04-21,gabriel.lemoine85@email.fr
13,Lucas,Druon,Calais,Professionnel,2023-10-19,lucas.druon40@email.fr
14,Gabriel,Wattel,Amiens,Particulier,2020-05-28,gabriel.wattel92@email.fr
15,Maël,Delattre,Dunkerque,Professionnel,2023-07-20,maël.delattre32@email.fr
16,Chloé,Delplace,Roubaix,Professionnel,2020-01-29,chloé.delplace20@email.fr
17,Sarah,Hennion,Lens,Particulier,2022-11-25,sarah.hennion38@email.fr
18,Camille,Dhaussy,Tourcoing,Particulier,2022-05-20,camille.dhaussy52@email.fr
19,Chloé,Hennion,Lille,Particulier,2022-05-05,chloé.hennion66@email.fr
20,Jade,Druon,Roubaix,Particulier,2022-06-21,jade.druon82@email.fr
21,Noah,Lecocq,Lille,Particulier,2022-06-16,noah.lecocq23@email.fr
22,Manon,Wattel,Lille,Professionnel,2022-01-13,manon.wattel30@email.fr
23,Nathan,Delplace,Lille,Professionnel,2022-04-03,nathan.delplace92@email.fr
24,Jade,Carlier,Tourcoing,Particulier,2022-11-02,jade.carlier44@email.fr
25,Noah,Wattel,Valenciennes,Professionnel,2023-10-25,noah.wattel24@email.fr
26,Adam,Dhaussy,Roubaix,Particulier,2022-10-04,adam.dhaussy97@email.fr
27,Camille,Vasseur,Tourcoing,Premium,2023-03-18,camille.vasseur44@email.fr
28,Manon,Dhaussy,Calais,Particulier,2024-03-06,manon.dhaussy97@email.fr
29,Lina,Dhaussy,Amiens,Particulier,2024-12-10,lina.dhaussy91@email.fr
30,Lucas,Vandamme,Dunkerque,Particulier,2020-07-17,lucas.vandamme89@email.fr
31,Adam,Masson,Roubaix,Premium,2023-07-25,adam.masson58@email.fr
32,Nathan,Vandamme,Lens,Particulier,2021-02-14,nathan.vandamme79@email.fr
33,Zoé,Lefebvre,Lille,Particulier,2020-12-25,zoé.lefebvre95@email.fr
34,Nathan,Druon,Roubaix,Particulier,2023-12-18,nathan.druon27@email.fr
35,Jade,Vasseur,Lens,Professionnel,2020-05-05,jade.vasseur4@email.fr
36,Raphaël,Becquart,Dunkerque,Particulier,2024-03-27,raphaël.becquart32@email.fr
37,Léa,Hennion,Amiens,Premium,2023-11-07,léa.hennion63@email.fr
38,Gabriel,Lemoine,Dunkerque,Professionnel,2024-12-20,gabriel.lemoine54@email.fr
39,Inès,Vandamme,Valenciennes,Particulier,2023-05-03,inès.vandamme8@email.fr
40,Maël,Hennion,Roubaix,Particulier,2024-05-12,maël.hennion55@email.fr
41,Noah,Vandamme,Lille,Particulier,2020-08-04,noah.vandamme18@email.fr
42,Raphaël,Vasseur,Roubaix,Particulier,2024-06-12,raphaël.vasseur50@email.fr
43,Jade,Masson,Lille,Premium,2020-10-19,jade.masson57@email.fr
44,Jade,Druon,Douai,Particulier,2021-07-27,jade.druon63@email.fr
45,Jade,Dhaussy,Roubaix,Particulier,2020-08-21,jade.dhaussy41@email.fr
46,Lina,Wattel,Dunkerque,Particulier,2022-01-03,lina.wattel41@email.fr
47,Chloé,Crombez,Arras,Professionnel,2023-09-28,chloé.crombez67@email.fr
48,Hugo,Becquart,Arras,Premium,2021-05-04,hugo.becquart74@email.fr
49,Chloé,Vandamme,Tourcoing,Particulier,2024-02-09,chloé.vandamme80@email.fr
50,Camille,Lemoine,Tourcoing,Professionnel,2023-01-11,camille.lemoine33@email.fr
51,Léa,Delplace,Calais,Professionnel,2023-02-21,léa.delplace42@email.fr
52,Lucas,Masson,Valenciennes,Professionnel,2024-09-09,lucas.masson33@email.fr
53,Maël,Dubois,Arras,Premium,2022-02-27,maël.dubois52@email.fr
54,Emma,Hennion,Lens,Particulier,2021-09-20,emma.hennion13@email.fr
55,Raphaël,Lecocq,Arras,Premium,2024-12-20,raphaël.lecocq43@email.fr
56,Louis,Masson,Lille,Particulier,2022-10-13,louis.masson19@email.fr
57,Emma,Lemoine,Dunkerque,Particulier,2023-01-26,emma.lemoine53@email.fr
58,Hugo,Lefebvre,Lille,Particulier,2021-06-24,hugo.lefebvre84@email.fr
59,Zoé,Carlier,Valenciennes,Professionnel,2021-01-28,zoé.carlier97@email.fr
60,Inès,Lecocq,Calais,Particulier,2020-11-05,inès.lecocq44@email.fr
61,Zoé,Druon,Tourcoing,Particulier,2021-02-11,zoé.druon6@email.fr
62,Hugo,Delplace,Tourcoing,Particulier,2020-12-22,hugo.delplace23@email.fr
63,Louis,Lefebvre,Lille,Particulier,2023-09-24,louis.lefebvre11@email.fr
64,Raphaël,Lefebvre,Calais,Premium,2020-04-15,raphaël.lefebvre75@email.fr
65,Louis,Becquart,Lille,Particulier,2023-02-22,louis.becquart97@email.fr
66,Jade,Crombez,Lille,Particulier,2024-09-28,jade.crombez55@email.fr
67,Hugo,Dubois,Lille,Particulier,2023-10-29,hugo.dubois18@email.fr
68,Enzo,Delplace,Lille,Particulier,2022-01-05,enzo.delplace3@email.fr
69,Manon,Vasseur,Tourcoing,Professionnel,2020-04-18,manon.vasseur96@email.fr
70,Chloé,Dubois,Tourcoing,Particulier,2024-03-02,chloé.dubois32@email.fr
71,Raphaël,Lefebvre,Roubaix,Particulier,2020-01-06,raphaël.lefebvre11@email.fr
72,Sarah,Becquart,Lille,Particulier,2023-05-28,sarah.becquart18@email.fr
73,Sarah,Hennion,Lille,Particulier,2023-05-09,sarah.hennion26@email.fr
74,Enzo,Lecocq,Roubaix,Particulier,2020-12-16,enzo.lecocq65@email.fr
75,Noah,Lemoine,Lille,Particulier,2023-09-12,noah.lemoine88@email.fr
76,Lucas,Carlier,Valenciennes,Particulier,2020-11-16,lucas.carlier27@email.fr
77,Chloé,Masson,Lille,Particulier,2021-02-15,chloé.masson68@email.fr
78,Léa,Becquart,Roubaix,Premium,2024-01-21,léa.becquart7@email.fr
79,Chloé,Dhaussy,Roubaix,Professionnel,2024-11-21,chloé.dhaussy1@email.fr
80,Noah,Becquart,Roubaix,Particulier,2021-04-28,noah.becquart6@email.fr
81,Enzo,Dubois,Lille,Professionnel,2024-08-08,enzo.dubois91@email.fr
82,Zoé,Carlier,Lille,Particulier,2024-07-24,zoé.carlier58@email.fr
83,Louis,Vasseur,Douai,Premium,2023-11-05,louis.vasseur79@email.fr
84,Raphaël,Druon,Lille,Particulier,2020-09-12,raphaël.druon3@email.fr
85,Louis,Hennion,Tourcoing,Premium,2021-06-30,louis.hennion3@email.fr
86,Nathan,Wattel,Tourcoing,Premium,2023-05-21,nathan.wattel84@email.fr
87,Maël,Vasseur,Roubaix,Particulier,2024-12-28,maël.vasseur11@email.fr
88,Noah,Lefebvre,Tourcoing,Particulier,2024-01-26,noah.lefebvre16@email.fr
89,Nathan,Lemoine,Arras,Particulier,2022-02-05,nathan.lemoine51@email.fr
90,Maël,Masson,Douai,Professionnel,2021-03-05,maël.masson60@email.fr
91,Nathan,Dubois,Lille,Professionnel,2024-10-18,nathan.dubois23@email.fr
92,Emma,Druon,Roubaix,Professionnel,2021-05-19,emma.druon44@email.fr
93,Maël,Delplace,Lille,Particulier,2021-09-16,maël.delplace67@email.fr
94,Jade,Carlier,Tourcoing,Particulier,2024-10-26,jade.carlier44@email.fr
95,Emma,Wattel,Valenciennes,Particulier,2022-10-22,emma.wattel38@email.fr
96,Nathan,Lecocq,Lille,Premium,2021-04-27,nathan.lecocq8@email.fr
97,Lucas,Dubois,Roubaix,Professionnel,2020-01-10,lucas.dubois45@email.fr
98,Lucas,Lefebvre,Lens,Particulier,2022-02-23,lucas.lefebvre79@email.fr
99,Jade,Delplace,Lille,Premium,2024-12-04,jade.delplace62@email.fr
100,Zoé,Masson,Tourcoing,Professionnel,2022-02-28,zoé.masson88@email.fr
101,Léa,Dubois,Amiens,Professionnel,2023-06-30,léa.dubois13@email.fr
102,Louis,Delplace,Lille,Particulier,2021-04-06,louis.delplace2@email.fr
103,Emma,Vandamme,Lille,Particulier,2023-11-16,emma.vandamme54@email.fr
104,Manon,Delplace,Lille,Professionnel,2023-11-16,manon.delplace18@email.fr
105,Emma,Crombez,Lens,Professionnel,2023-01-15,emma.crombez59@email.fr
106,Chloé,Lefebvre,Lille,Particulier,2023-11-09,chloé.lefebvre89@email.fr
107,Lina,Delplace,Lille,Professionnel,2022-11-22,lina.delplace34@email.fr
108,Gabriel,Druon,Lille,Particulier,2021-11-21,gabriel.druon54@email.fr
109,Inès,Lecocq,Lille,Premium,2023-09-08,inès.lecocq67@email.fr
110,Hugo,Dubois,Valenciennes,Particulier,2024-03-04,hugo.dubois15@email.fr
111,Louis,Delattre,Lille,Professionnel,2024-03-14,louis.delattre88@email.fr
112,Adam,Delattre,Dunkerque,Premium,2021-01-23,adam.delattre20@email.fr
113,Camille,Becquart,Dunkerque,Professionnel,2023-05-19,camille.becquart80@email.fr
114,Maël,Vandamme,Douai,Particulier,2020-01-08,maël.vandamme65@email.fr
115,Louis,Lecocq,Lille,Particulier,2022-11-09,louis.lecocq14@email.fr
116,Emma,Wattel,Douai,Particulier,2022-11-08,emma.wattel72@email.fr
117,Raphaël,Wattel,Dunkerque,Particulier,2021-10-25,raphaël.wattel20@email.fr
118,Jade,Delattre,Lille,Premium,2024-12-19,jade.delattre59@email.fr
119,Chloé,Dubois,Amiens,Particulier,2024-05-30,chloé.dubois95@email.fr
120,Sarah,Druon,Douai,Professionnel,2020-03-11,sarah.druon94@email.fr
121,Léa,Carlier,Lille,Particulier,2021-01-16,léa.carlier86@email.fr
122,Gabriel,Delplace,Lens,Particulier,2021-01-14,gabriel.delplace49@email.fr
123,Lucas,Druon,Tourcoing,Particulier,2024-06-26,lucas.druon55@email.fr
124,Sarah,Dubois,Dunkerque,Particulier,2022-08-05,sarah.dubois30@email.fr
125,Sarah,Dubois,Calais,Particulier,2023-08-23,sarah.dubois91@email.fr
126,Lucas,Dubois,Roubaix,Particulier,2024-01-18,lucas.dubois47@email.fr
127,Maël,Vandamme,Arras,Particulier,2023-11-01,maël.vandamme76@email.fr
128,Jade,Dubois,Roubaix,Premium,2020-06-11,jade.dubois36@email.fr
129,Maël,Lecocq,Arras,Professionnel,2020-09-13,maël.lecocq73@email.fr
130,Camille,Crombez,Dunkerque,Particulier,2021-12-22,camille.crombez22@email.fr
131,Hugo,Masson,Lille,Professionnel,2021-09-09,hugo.masson72@email.fr
132,Louis,Wattel,Roubaix,Professionnel,2023-09-25,louis.wattel5@email.fr
133,Hugo,Masson,Roubaix,Professionnel,2020-10-12,hugo.masson11@email.fr
134,Chloé,Delattre,Lille,Particulier,2021-11-09,chloé.delattre35@email.fr
135,Raphaël,Carlier,Lille,Professionnel,2021-03-07,raphaël.carlier48@email.fr
136,Léa,Lecocq,Roubaix,Particulier,2020-12-10,léa.lecocq70@email.fr
137,Raphaël,Delattre,Lille,Particulier,2020-11-11,raphaël.delattre36@email.fr
138,Léa,Dubois,Lille,Particulier,2020-12-22,léa.dubois2@email.fr
139,Hugo,Delplace,Amiens,Premium,2022-10-26,hugo.delplace32@email.fr
140,Gabriel,Wattel,Amiens,Particulier,2022-01-18,gabriel.wattel44@email.fr
141,Maël,Masson,Amiens,Particulier,2022-03-05,maël.masson54@email.fr
142,Hugo,Druon,Roubaix,Premium,2022-05-24,hugo.druon64@email.fr
143,Nathan,Lefebvre,Lens,Particulier,2023-09-14,nathan.lefebvre25@email.fr
144,Zoé,Wattel,Dunkerque,Particulier,2024-04-21,zoé.wattel60@email.fr
145,Noah,Lecocq,Lille,Particulier,2022-08-18,noah.lecocq62@email.fr
146,Gabriel,Hennion,Lille,Particulier,2023-03-18,gabriel.hennion77@email.fr
147,Jade,Lecocq,Valenciennes,Particulier,2023-09-09,jade.lecocq52@email.fr
148,Chloé,Lecocq,Lille,Professionnel,2023-06-13,chloé.lecocq80@email.fr
149,Sarah,Becquart,Tourcoing,Particulier,2020-09-02,sarah.becquart22@email.fr
150,Gabriel,Dubois,Calais,Professionnel,2024-11-28,gabriel.dubois70@email.fr
151,Nathan,Becquart,Lille,Premium,2020-10-27,nathan.becquart5@email.fr
152,Camille,Delattre,Lille,Professionnel,2022-01-21,camille.delattre11@email.fr
153,Hugo,Lefebvre,Calais,Professionnel,2023-04-05,hugo.lefebvre85@email.fr
154,Noah,Lefebvre,Dunkerque,Particulier,2022-01-06,noah.lefebvre47@email.fr
155,Jade,Hennion,Lille,Professionnel,2021-03-19,jade.hennion61@email.fr
156,Louis,Vasseur,Lens,Particulier,2024-08-12,louis.vasseur60@email.fr
157,Louis,Vasseur,Douai,Professionnel,2020-05-10,louis.vasseur69@email.fr
158,Maël,Hennion,Dunkerque,Professionnel,2021-03-24,maël.hennion25@email.fr
159,Lucas,Vasseur,Valenciennes,Particulier,2024-12-17,lucas.vasseur18@email.fr
160,Lucas,Delplace,Lille,Particulier,2023-08-24,lucas.delplace5@email.fr
161,Nathan,Lefebvre,Lille,Particulier,2020-06-07,nathan.lefebvre85@email.fr
162,Louis,Lecocq,Dunkerque,Particulier,2023-10-09,louis.lecocq22@email.fr
163,Raphaël,Becquart,Roubaix,Particulier,2024-11-04,raphaël.becquart57@email.fr
164,Louis,Vandamme,Valenciennes,Professionnel,2020-06-27,louis.vandamme45@email.fr
165,Jade,Lecocq,Douai,Particulier,2022-01-25,jade.lecocq16@email.fr
166,Zoé,Hennion,Lille,Particulier,2022-05-04,zoé.hennion41@email.fr
167,Hugo,Dubois,Dunkerque,Particulier,2020-08-27,hugo.dubois9@email.fr
168,Gabriel,Delattre,Lille,Particulier,2021-01-01,gabriel.delattre18@email.fr
169,Inès,Dubois,Douai,Premium,2020-11-13,inès.dubois14@email.fr
170,Louis,Carlier,Lille,Professionnel,2020-12-04,louis.carlier81@email.fr
171,Lina,Lefebvre,Dunkerque,Premium,2022-01-06,lina.lefebvre56@email.fr
172,Nathan,Hennion,Dunkerque,Premium,2022-04-26,nathan.hennion91@email.fr
173,Noah,Vasseur,Roubaix,Professionnel,2021-03-10,noah.vasseur43@email.fr
174,Chloé,Masson,Valenciennes,Particulier,2021-06-12,chloé.masson20@email.fr
175,Inès,Hennion,Amiens,Professionnel,2020-12-16,inès.hennion60@email.fr
176,Inès,Crombez,Dunkerque,Particulier,2023-12-23,inès.crombez92@email.fr
177,Lina,Vasseur,Amiens,Particulier,2021-01-21,lina.vasseur53@email.fr
178,Jade,Dubois,Calais,Particulier,2024-07-14,jade.dubois2@email.fr
179,Nathan,Lefebvre,Roubaix,Particulier,2022-09-10,nathan.lefebvre30@email.fr
180,Camille,Crombez,Tourcoing,Particulier,2024-01-04,camille.crombez91@email.fr
181,Enzo,Dubois,Lille,Professionnel,2023-03-07,enzo.dubois51@email.fr
182,Lina,Dubois,Arras,Premium,2021-04-30,lina.dubois94@email.fr
183,Camille,Delattre,Dunkerque,Particulier,2023-01-02,camille.delattre50@email.fr
184,Adam,Druon,Roubaix,Professionnel,2021-05-15,adam.druon2@email.fr
185,Inès,Becquart,Lille,Particulier,2020-08-04,inès.becquart86@email.fr
186,Léa,Hennion,Douai,Particulier,2021-04-09,léa.hennion75@email.fr
187,Chloé,Lemoine,Roubaix,Premium,2021-05-18,chloé.lemoine71@email.fr
188,Gabriel,Vandamme,Valenciennes,Particulier,2020-09-03,gabriel.vandamme96@email.fr
189,Chloé,Dhaussy,Lille,Premium,2020-02-13,chloé.dhaussy20@email.fr
190,Léa,Lefebvre,Calais,Professionnel,2024-09-18,léa.lefebvre89@email.fr
191,Raphaël,Wattel,Lille,Particulier,2022-07-25,raphaël.wattel23@email.fr
192,Raphaël,Vandamme,Lille,Particulier,2022-01-03,raphaël.vandamme96@email.fr
193,Léa,Lemoine,Douai,Professionnel,2024-08-24,léa.lemoine19@email.fr
194,Nathan,Masson,Lens,Particulier,2021-02-14,nathan.masson54@email.fr
195,Manon,Crombez,Lille,Particulier,2022-01-05,manon.crombez78@email.fr
196,Raphaël,Becquart,Tourcoing,Particulier,2024-03-25,raphaël.becquart8@email.fr
197,Emma,Vasseur,Amiens,Particulier,2023-02-27,emma.vasseur7@email.fr
198,Emma,Wattel,Douai,Premium,2021-12-29,emma.wattel84@email.fr
199,Zoé,Carlier,Roubaix,Particulier,2021-04-11,zoé.carlier6@email.fr
200,Maël,Delplace,Tourcoing,Particulier,2020-03-05,maël.delplace61@email.fr
201,Chloé,Lecocq,Amiens,Premium,2020-06-04,chloé.lecocq92@email.fr
202,Léa,Crombez,Amiens,Premium,2020-10-22,léa.crombez61@email.fr
203,Sarah,Becquart,Arras,Particulier,2023-12-06,sarah.becquart48@email.fr
204,Zoé,Vandamme,Dunkerque,Particulier,2023-03-12,zoé.vandamme41@email.fr
205,Noah,Delattre,Lille,Premium,2022-03-02,noah.delattre63@email.fr
206,Manon,Masson,Lens,Premium,2023-11-29,manon.masson57@email.fr
207,Manon,Vasseur,Douai,Particulier,2020-10-20,manon.vasseur50@email.fr
208,Camille,Carlier,Arras,Particulier,2021-01-19,camille.carlier16@email.fr
209,Léa,Lemoine,Lille,Particulier,2021-12-17,léa.lemoine65@email.fr
210,Gabriel,Crombez,Lille,Particulier,2024-08-01,gabriel.crombez73@email.fr
211,Inès,Vasseur,Amiens,Professionnel,2023-01-25,inès.vasseur70@email.fr
212,Enzo,Hennion,Lille,Particulier,2024-04-02,enzo.hennion8@email.fr
213,Chloé,Carlier,Calais,Professionnel,2021-03-28,chloé.carlier69@email.fr
214,Lina,Delplace,Roubaix,Particulier,2024-03-28,lina.delplace72@email.fr
215,Louis,Becquart,Amiens,Particulier,2020-05-12,louis.becquart18@email.fr
216,Lina,Masson,Douai,Particulier,2021-02-19,lina.masson84@email.fr
217,Noah,Vandamme,Roubaix,Particulier,2022-08-12,noah.vandamme52@email.fr
218,Chloé,Vandamme,Roubaix,Particulier,2020-04-02,chloé.vandamme47@email.fr
219,Manon,Becquart,Dunkerque,Particulier,2024-04-15,manon.becquart71@email.fr
220,Noah,Vasseur,Dunkerque,Particulier,2024-05-02,noah.vasseur50@email.fr
221,Sarah,Hennion,Roubaix,Particulier,2022-09-15,sarah.hennion54@email.fr
222,Nathan,Lemoine,Dunkerque,Particulier,2021-07-12,nathan.lemoine31@email.fr
223,Sarah,Druon,Lens,Particulier,2020-06-29,sarah.druon91@email.fr
224,Inès,Becquart,Tourcoing,Professionnel,2023-02-03,inès.becquart96@email.fr
225,Zoé,Vandamme,Lille,Particulier,2022-09-08,zoé.vandamme13@email.fr
226,Nathan,Lefebvre,Roubaix,Particulier,2023-10-18,nathan.lefebvre72@email.fr
227,Noah,Masson,Roubaix,Particulier,2023-01-04,noah.masson3@email.fr
228,Zoé,Vandamme,Lille,Professionnel,2020-08-22,zoé.vandamme37@email.fr
229,Hugo,Masson,Lille,Particulier,2020-08-10,hugo.masson96@email.fr
230,Hugo,Carlier,Valenciennes,Professionnel,2023-11-26,hugo.carlier18@email.fr
231,Inès,Lefebvre,Roubaix,Particulier,2020-10-17,inès.lefebvre37@email.fr
232,Camille,Carlier,Calais,Particulier,2024-09-08,camille.carlier22@email.fr
233,Nathan,Crombez,Lille,Particulier,2020-07-12,nathan.crombez72@email.fr
234,Jade,Lemoine,Lille,Premium,2023-08-22,jade.lemoine46@email.fr
235,Noah,Wattel,Amiens,Professionnel,2024-11-14,noah.wattel59@email.fr
236,Noah,Crombez,Douai,Professionnel,2022-03-16,noah.crombez93@email.fr
237,Hugo,Lemoine,Lille,Professionnel,2020-04-13,hugo.lemoine52@email.fr
238,Adam,Delplace,Lille,Premium,2024-05-18,adam.delplace72@email.fr
239,Lucas,Masson,Lille,Particulier,2020-12-07,lucas.masson10@email.fr
240,Emma,Lemoine,Dunkerque,Particulier,2022-08-20,emma.lemoine22@email.fr
241,Lina,Vandamme,Tourcoing,Particulier,2024-12-01,lina.vandamme93@email.fr
242,Adam,Lemoine,Lille,Particulier,2023-09-21,adam.lemoine85@email.fr
243,Manon,Lecocq,Lille,Particulier,2020-03-25,manon.lecocq65@email.fr
244,Adam,Delattre,Tourcoing,Particulier,2024-02-06,adam.delattre38@email.fr
245,Léa,Masson,Calais,Particulier,2020-10-21,léa.masson20@email.fr
246,Inès,Crombez,Valenciennes,Particulier,2023-09-29,inès.crombez84@email.fr
247,Louis,Crombez,Tourcoing,Particulier,2023-02-07,louis.crombez77@email.fr
248,Chloé,Dhaussy,Lille,Professionnel,2021-06-09,chloé.dhaussy24@email.fr
249,Camille,Druon,Lille,Particulier,2022-02-12,camille.druon58@email.fr
250,Maël,Dubois,Roubaix,Professionnel,2020-08-03,maël.dubois61@email.fr
251,Chloé,Carlier,Amiens,Premium,2024-12-05,chloé.carlier47@email.fr
252,Raphaël,Lemoine,Douai,Particulier,2021-03-10,raphaël.lemoine91@email.fr
253,Jade,Becquart,Lens,Particulier,2021-07-17,jade.becquart13@email.fr
254,Enzo,Becquart,Calais,Premium,2022-07-06,enzo.becquart26@email.fr
255,Adam,Vandamme,Calais,Particulier,2023-05-12,adam.vandamme10@email.fr
256,Lucas,Delattre,Calais,Particulier,2022-07-11,lucas.delattre68@email.fr
257,Emma,Lefebvre,Lille,Particulier,2022-07-10,emma.lefebvre64@email.fr
258,Emma,Crombez,Lille,Professionnel,2022-11-29,emma.crombez97@email.fr
259,Enzo,Dhaussy,Roubaix,Particulier,2024-04-14,enzo.dhaussy54@email.fr
260,Nathan,Crombez,Dunkerque,Particulier,2021-12-22,nathan.crombez15@email.fr
261,Camille,Crombez,Lille,Particulier,2024-02-27,camille.crombez45@email.fr
262,Zoé,Hennion,Douai,Professionnel,2023-12-07,zoé.hennion9@email.fr
263,Zoé,Vasseur,Dunkerque,Premium,2024-10-19,zoé.vasseur66@email.fr
264,Manon,Delplace,Dunkerque,Professionnel,2024-07-24,manon.delplace67@email.fr
265,Camille,Crombez,Lille,Professionnel,2023-12-27,camille.crombez85@email.fr
266,Léa,Delplace,Lille,Particulier,2021-03-26,léa.delplace34@email.fr
267,Lucas,Crombez,Lille,Particulier,2023-11-14,lucas.crombez31@email.fr
268,Lina,Dhaussy,Douai,Particulier,2023-09-06,lina.dhaussy7@email.fr
269,Adam,Delattre,Dunkerque,Particulier,2021-06-12,adam.delattre41@email.fr
270,Hugo,Wattel,Amiens,Professionnel,2023-05-22,hugo.wattel47@email.fr
271,Emma,Dhaussy,Roubaix,Professionnel,2021-04-06,emma.dhaussy74@email.fr
272,Hugo,Vasseur,Roubaix,Particulier,2022-08-12,hugo.vasseur74@email.fr
273,Enzo,Delattre,Roubaix,Premium,2023-12-25,enzo.delattre14@email.fr
274,Gabriel,Lemoine,Amiens,Particulier,2020-12-10,gabriel.lemoine28@email.fr
275,Emma,Vasseur,Amiens,Particulier,2021-09-06,emma.vasseur51@email.fr
276,Adam,Delplace,Lille,Professionnel,2023-12-22,adam.delplace33@email.fr
277,Camille,Vasseur,Lens,Professionnel,2022-04-08,camille.vasseur3@email.fr
278,Hugo,Dhaussy,Lille,Particulier,2024-10-19,hugo.dhaussy83@email.fr
279,Nathan,Masson,Lens,Premium,2020-01-15,nathan.masson72@email.fr
280,Chloé,Vasseur,Lille,Particulier,2023-08-10,chloé.vasseur51@email.fr
281,Noah,Wattel,Lille,Premium,2024-01-25,noah.wattel32@email.fr
282,Maël,Hennion,Douai,Particulier,2024-08-02,maël.hennion83@email.fr
283,Chloé,Vasseur,Lille,Professionnel,2020-10-13,chloé.vasseur4@email.fr
284,Noah,Druon,Roubaix,Particulier,2024-12-01,noah.druon44@email.fr
285,Louis,Vandamme,Tourcoing,Particulier,2021-12-16,louis.vandamme79@email.fr
286,Inès,Druon,Lille,Professionnel,2021-10-04,inès.druon94@email.fr
287,Jade,Lecocq,Amiens,Particulier,2021-10-10,jade.lecocq25@email.fr
288,Léa,Vasseur,Douai,Particulier,2023-03-10,léa.vasseur64@email.fr
289,Zoé,Hennion,Douai,Premium,2023-04-18,zoé.hennion19@email.fr
290,Camille,Vasseur,Roubaix,Particulier,2022-05-14,camille.vasseur12@email.fr
291,Hugo,Carlier,Dunkerque,Particulier,2020-05-09,hugo.carlier35@email.fr
292,Manon,Wattel,Lille,Particulier,2024-12-05,manon.wattel87@email.fr
293,Nathan,Delattre,Lille,Particulier,2021-02-09,nathan.delattre68@email.fr
294,Léa,Dhaussy,Lille,Professionnel,2020-06-20,léa.dhaussy48@email.fr
295,Camille,Vasseur,Lens,Particulier,2022-12-26,camille.vasseur28@email.fr
296,Raphaël,Lecocq,Douai,Particulier,2022-01-22,raphaël.lecocq14@email.fr
297,Noah,Lemoine,Amiens,Premium,2023-01-28,noah.lemoine27@email.fr
298,Léa,Becquart,Tourcoing,Professionnel,2024-05-16,léa.becquart15@email.fr
299,Nathan,Dubois,Tourcoing,Particulier,2020-06-26,nathan.dubois19@email.fr
300,Inès,Lefebvre,Dunkerque,Premium,2021-06-02,inès.lefebvre68@email.fr
301,Zoé,Dubois,Dunkerque,Particulier,2022-07-31,zoé.dubois14@email.fr
302,Raphaël,Lefebvre,Tourcoing,Professionnel,2023-12-08,raphaël.lefebvre5@email.fr
303,Maël,Lecocq,Lille,Particulier,2023-01-01,maël.lecocq54@email.fr
304,Gabriel,Lecocq,Lille,Professionnel,2021-11-29,gabriel.lecocq29@email.fr
305,Jade,Lecocq,Calais,Premium,2023-01-18,jade.lecocq45@email.fr
306,Hugo,Dubois,Tourcoing,Professionnel,2024-11-23,hugo.dubois14@email.fr
307,Adam,Lefebvre,Calais,Particulier,2022-05-26,adam.lefebvre21@email.fr
308,Lina,Carlier,Lille,Professionnel,2024-05-31,lina.carlier44@email.fr
309,Camille,Crombez,Dunkerque,Premium,2023-11-24,camille.crombez68@email.fr
310,Emma,Dhaussy,Lille,Particulier,2021-07-03,emma.dhaussy41@email.fr
311,Lucas,Becquart,Lille,Professionnel,2021-03-31,lucas.becquart54@email.fr
312,Emma,Vandamme,Lille,Premium,2023-11-06,emma.vandamme52@email.fr
313,Lina,Hennion,Lille,Particulier,2021-01-13,lina.hennion27@email.fr
314,Léa,Dhaussy,Lens,Particulier,2021-09-06,léa.dhaussy28@email.fr
315,Jade,Lefebvre,Roubaix,Particulier,2021-03-05,jade.lefebvre42@email.fr
316,Léa,Hennion,Dunkerque,Particulier,2023-01-11,léa.hennion4@email.fr
317,Gabriel,Druon,Tourcoing,Professionnel,2021-06-20,gabriel.druon68@email.fr
318,Zoé,Dubois,Roubaix,Professionnel,2023-04-16,zoé.dubois61@email.fr
319,Lucas,Lemoine,Dunkerque,Particulier,2024-09-02,lucas.lemoine31@email.fr
320,Enzo,Lecocq,Lille,Professionnel,2024-02-23,enzo.lecocq37@email.fr
321,Noah,Hennion,Calais,Particulier,2024-09-26,noah.hennion33@email.fr
322,Chloé,Lecocq,Arras,Premium,2020-02-14,chloé.lecocq64@email.fr
323,Léa,Lemoine,Amiens,Premium,2022-04-11,léa.lemoine75@email.fr
324,Louis,Dhaussy,Tourcoing,Particulier,2021-02-05,louis.dhaussy11@email.fr
325,Inès,Hennion,Lille,Particulier,2024-08-02,inès.hennion41@email.fr
326,Raphaël,Vandamme,Lens,Particulier,2023-07-23,raphaël.vandamme2@email.fr
327,Chloé,Delattre,Roubaix,Professionnel,2021-08-07,chloé.delattre45@email.fr
328,Noah,Crombez,Lille,Particulier,2022-10-25,noah.crombez25@email.fr
329,Inès,Delplace,Roubaix,Particulier,2023-01-09,inès.delplace33@email.fr
330,Nathan,Lefebvre,Arras,Particulier,2022-06-23,nathan.lefebvre45@email.fr
331,Noah,Vasseur,Valenciennes,Particulier,2022-05-15,noah.vasseur32@email.fr
332,Zoé,Dhaussy,Amiens,Particulier,2020-04-10,zoé.dhaussy39@email.fr
333,Louis,Vasseur,Arras,Particulier,2022-04-05,louis.vasseur75@email.fr
334,Camille,Masson,Lille,Particulier,2021-09-27,camille.masson80@email.fr
335,Gabriel,Lefebvre,Lens,Premium,2024-02-02,gabriel.lefebvre1@email.fr
336,Gabriel,Masson,Tourcoing,Particulier,2024-04-27,gabriel.masson38@email.fr
337,Léa,Becquart,Valenciennes,Particulier,2023-10-01,léa.becquart83@email.fr
338,Sarah,Wattel,Lille,Premium,2020-02-26,sarah.wattel52@email.fr
339,Lina,Lemoine,Calais,Premium,2024-03-15,lina.lemoine21@email.fr
340,Léa,Carlier,Roubaix,Particulier,2021-12-24,léa.carlier59@email.fr
341,Emma,Wattel,Lille,Particulier,2022-01-29,emma.wattel15@email.fr
342,Léa,Hennion,Tourcoing,Professionnel,2024-09-20,léa.hennion3@email.fr
343,Emma,Vandamme,Lille,Professionnel,2024-05-01,emma.vandamme62@email.fr
344,Jade,Hennion,Lille,Premium,2020-04-02,jade.hennion51@email.fr
345,Camille,Wattel,Valenciennes,Particulier,2021-10-18,camille.wattel75@email.fr
346,Noah,Lemoine,Roubaix,Particulier,2023-09-30,noah.lemoine34@email.fr
347,Hugo,Druon,Lens,Particulier,2022-09-10,hugo.druon84@email.fr
348,Gabriel,Delplace,Roubaix,Particulier,2021-04-15,gabriel.delplace42@email.fr
349,Hugo,Dhaussy,Amiens,Professionnel,2022-08-15,hugo.dhaussy73@email.fr
350,Zoé,Dubois,Tourcoing,Particulier,2024-04-30,zoé.dubois10@email.fr
351,Emma,Delplace,Valenciennes,Particulier,2021-02-11,emma.delplace10@email.fr
352,Lina,Delattre,Dunkerque,Professionnel,2023-09-23,lina.delattre77@email.fr
353,Jade,Wattel,Tourcoing,Professionnel,2023-09-02,jade.wattel82@email.fr
354,Louis,Vasseur,Calais,Particulier,2024-06-04,louis.vasseur93@email.fr
355,Sarah,Becquart,Roubaix,Particulier,2021-06-27,sarah.becquart32@email.fr
356,Maël,Vandamme,Lille,Particulier,2021-01-29,maël.vandamme3@email.fr
357,Lina,Hennion,Valenciennes,Premium,2022-09-26,lina.hennion97@email.fr
358,Camille,Vandamme,Douai,Professionnel,2022-08-27,camille.vandamme59@email.fr
359,Raphaël,Lemoine,Lille,Professionnel,2022-01-17,raphaël.lemoine25@email.fr
360,Léa,Lecocq,Tourcoing,Professionnel,2023-11-23,léa.lecocq75@email.fr
361,Nathan,Druon,Lens,Particulier,2023-12-29,nathan.druon89@email.fr
362,Lina,Masson,Amiens,Particulier,2021-03-24,lina.masson28@email.fr
363,Nathan,Masson,Calais,Particulier,2023-12-22,nathan.masson76@email.fr
364,Maël,Vasseur,Dunkerque,Particulier,2021-02-25,maël.vasseur78@email.fr
365,Louis,Delattre,Valenciennes,Particulier,2022-01-13,louis.delattre50@email.fr
366,Manon,Lecocq,Roubaix,Particulier,2020-02-19,manon.lecocq62@email.fr
367,Chloé,Wattel,Lens,Professionnel,2021-09-13,chloé.wattel27@email.fr
368,Inès,Masson,Roubaix,Particulier,2024-10-15,inès.masson92@email.fr
369,Maël,Delplace,Amiens,Particulier,2022-03-18,maël.delplace97@email.fr
370,Sarah,Vandamme,Roubaix,Particulier,2023-07-19,sarah.vandamme97@email.fr
371,Zoé,Vasseur,Dunkerque,Particulier,2020-07-15,zoé.vasseur73@email.fr
372,Adam,Becquart,Amiens,Particulier,2023-03-05,adam.becquart5@email.fr
373,Maël,Lecocq,Tourcoing,Particulier,2021-11-09,maël.lecocq36@email.fr
374,Sarah,Lemoine,Lens,Professionnel,2023-09-19,sarah.lemoine44@email.fr
375,Nathan,Dhaussy,Roubaix,Particulier,2024-08-20,nathan.dhaussy95@email.fr
376,Jade,Lefebvre,Valenciennes,Particulier,2022-08-28,jade.lefebvre54@email.fr
377,Léa,Lecocq,Roubaix,Premium,2020-07-06,léa.lecocq53@email.fr
378,Enzo,Wattel,Roubaix,Premium,2022-05-18,enzo.wattel15@email.fr
379,Zoé,Dubois,Tourcoing,Premium,2020-08-12,zoé.dubois78@email.fr
380,Jade,Lemoine,Lille,Particulier,2022-03-31,jade.lemoine33@email.fr
381,Léa,Becquart,Lille,Particulier,2020-04-21,léa.becquart10@email.fr
382,Raphaël,Becquart,Valenciennes,Professionnel,2023-03-14,raphaël.becquart97@email.fr
383,Noah,Druon,Valenciennes,Professionnel,2021-07-20,noah.druon19@email.fr
384,Adam,Vandamme,Valenciennes,Premium,2021-01-02,adam.vandamme2@email.fr
385,Nathan,Carlier,Lille,Premium,2020-02-01,nathan.carlier8@email.fr
386,Louis,Vandamme,Roubaix,Professionnel,2024-06-08,louis.vandamme45@email.fr
387,Inès,Delattre,Lille,Premium,2024-03-07,inès.delattre11@email.fr
388,Manon,Druon,Amiens,Professionnel,2024-01-21,manon.druon83@email.fr
389,Nathan,Masson,Douai,Particulier,2020-04-16,nathan.masson51@email.fr
390,Manon,Dubois,Lille,Particulier,2021-09-29,manon.dubois32@email.fr
391,Noah,Delplace,Valenciennes,Particulier,2024-11-07,noah.delplace1@email.fr
392,Emma,Delattre,Lille,Particulier,2022-11-21,emma.delattre48@email.fr
393,Lina,Delattre,Lille,Particulier,2020-08-22,lina.delattre15@email.fr
394,Lina,Carlier,Lille,Particulier,2020-09-14,lina.carlier96@email.fr
395,Noah,Delattre,Roubaix,Particulier,2021-04-25,noah.delattre29@email.fr
396,Léa,Becquart,Valenciennes,Particulier,2024-11-09,léa.becquart47@email.fr
397,Adam,Masson,Lens,Premium,2020-11-05,adam.masson2@email.fr
398,Lucas,Crombez,Lille,Professionnel,2024-07-05,lucas.crombez13@email.fr
399,Louis,Hennion,Dunkerque,Professionnel,2023-05-22,louis.hennion21@email.fr
400,Gabriel,Becquart,Amiens,Particulier,2024-08-09,gabriel.becquart6@email.fr
401,Enzo,Dubois,Calais,Particulier,2024-02-16,enzo.dubois72@email.fr
402,Léa,Lefebvre,Dunkerque,Premium,2021-08-29,léa.lefebvre93@email.fr
403,Hugo,Carlier,Lille,Particulier,2024-02-19,hugo.carlier97@email.fr
404,Lina,Delattre,Valenciennes,Particulier,2020-11-04,lina.delattre27@email.fr
405,Chloé,Lecocq,Roubaix,Particulier,2021-06-15,chloé.lecocq78@email.fr
406,Chloé,Lecocq,Calais,Particulier,2021-01-21,chloé.lecocq50@email.fr
407,Zoé,Lecocq,Roubaix,Premium,2020-08-31,zoé.lecocq5@email.fr
408,Léa,Delplace,Valenciennes,Particulier,2020-06-13,léa.delplace9@email.fr
409,Zoé,Vasseur,Lille,Particulier,2020-12-08,zoé.vasseur54@email.fr
410,Zoé,Delplace,Roubaix,Premium,2020-08-07,zoé.delplace42@email.fr
411,Gabriel,Lemoine,Douai,Particulier,2021-11-25,gabriel.lemoine1@email.fr
412,Hugo,Delplace,Dunkerque,Premium,2020-05-10,hugo.delplace92@email.fr
413,Hugo,Wattel,Tourcoing,Particulier,2020-04-21,hugo.wattel72@email.fr
414,Nathan,Wattel,Lens,Particulier,2024-12-11,nathan.wattel50@email.fr
415,Gabriel,Crombez,Douai,Professionnel,2020-06-09,gabriel.crombez97@email.fr
416,Hugo,Dubois,Roubaix,Particulier,2020-05-15,hugo.dubois96@email.fr
417,Louis,Hennion,Dunkerque,Premium,2020-02-24,louis.hennion96@email.fr
418,Léa,Dhaussy,Tourcoing,Premium,2020-08-29,léa.dhaussy26@email.fr
419,Inès,Hennion,Valenciennes,Professionnel,2022-08-21,inès.hennion87@email.fr
420,Camille,Vasseur,Roubaix,Particulier,2024-02-18,camille.vasseur50@email.fr
421,Emma,Druon,Lille,Premium,2023-09-03,emma.druon72@email.fr
422,Lucas,Dhaussy,Lens,Professionnel,2022-11-24,lucas.dhaussy85@email.fr
423,Hugo,Druon,Lens,Premium,2020-06-04,hugo.druon17@email.fr
424,Hugo,Lecocq,Douai,Particulier,2023-11-14,hugo.lecocq44@email.fr
425,Lina,Dhaussy,Calais,Professionnel,2020-03-08,lina.dhaussy13@email.fr
426,Lucas,Becquart,Amiens,Particulier,2023-02-25,lucas.becquart28@email.fr
427,Jade,Vasseur,Amiens,Particulier,2022-01-17,jade.vasseur41@email.fr
428,Gabriel,Wattel,Amiens,Particulier,2024-05-28,gabriel.wattel84@email.fr
429,Inès,Hennion,Tourcoing,Particulier,2021-07-15,inès.hennion85@email.fr
430,Raphaël,Lecocq,Tourcoing,Particulier,2023-03-11,raphaël.lecocq39@email.fr
431,Lina,Dhaussy,Lille,Particulier,2022-03-13,lina.dhaussy33@email.fr
432,Enzo,Vasseur,Valenciennes,Particulier,2022-08-10,enzo.vasseur53@email.fr
433,Lina,Lemoine,Roubaix,Professionnel,2024-09-09,lina.lemoine90@email.fr
434,Chloé,Druon,Lille,Particulier,2023-07-24,chloé.druon96@email.fr
435,Noah,Carlier,Dunkerque,Particulier,2022-01-26,noah.carlier23@email.fr
436,Inès,Crombez,Roubaix,Professionnel,2022-03-27,inès.crombez19@email.fr
437,Emma,Lefebvre,Lille,Particulier,2023-07-09,emma.lefebvre70@email.fr
438,Adam,Lecocq,Arras,Particulier,2021-09-23,adam.lecocq30@email.fr
439,Maël,Lemoine,Douai,Particulier,2020-11-02,maël.lemoine20@email.fr
440,Adam,Dhaussy,Lille,Particulier,2022-05-03,adam.dhaussy4@email.fr
441,Inès,Crombez,Lille,Professionnel,2020-05-04,inès.crombez40@email.fr
442,Camille,Becquart,Roubaix,Particulier,2020-11-05,camille.becquart39@email.fr
443,Louis,Lecocq,Arras,Professionnel,2022-02-06,louis.lecocq56@email.fr
444,Hugo,Vasseur,Douai,Particulier,2023-12-24,hugo.vasseur20@email.fr
445,Adam,Vasseur,Lille,Premium,2023-11-27,adam.vasseur71@email.fr
446,Manon,Lefebvre,Amiens,Particulier,2021-04-20,manon.lefebvre67@email.fr
447,Manon,Dubois,Lille,Particulier,2022-02-09,manon.dubois46@email.fr
448,Manon,Lemoine,Roubaix,Particulier,2020-10-07,manon.lemoine18@email.fr
449,Sarah,Masson,Calais,Premium,2023-10-10,sarah.masson50@email.fr
450,Gabriel,Druon,Lille,Premium,2021-03-25,gabriel.druon67@email.fr
451,Zoé,Delplace,Lille,Premium,2023-12-30,zoé.delplace37@email.fr
452,Jade,Delplace,Tourcoing,Particulier,2024-03-16,jade.delplace26@email.fr
453,Nathan,Lemoine,Dunkerque,Particulier,2023-06-11,nathan.lemoine50@email.fr
454,Camille,Vandamme,Lens,Professionnel,2021-08-25,camille.vandamme35@email.fr
455,Camille,Dubois,Calais,Particulier,2024-10-05,camille.dubois40@email.fr
456,Enzo,Dhaussy,Lille,Particulier,2023-06-06,enzo.dhaussy35@email.fr
457,Zoé,Dhaussy,Lille,Particulier,2023-03-24,zoé.dhaussy30@email.fr
458,Inès,Delattre,Arras,Professionnel,2024-04-11,inès.delattre71@email.fr
459,Adam,Carlier,Lille,Particulier,2024-05-27,adam.carlier46@email.fr
460,Léa,Dubois,Douai,Particulier,2020-05-21,léa.dubois46@email.fr
461,Lucas,Crombez,Valenciennes,Premium,2024-05-27,lucas.crombez65@email.fr
462,Lina,Druon,Lille,Particulier,2023-10-28,lina.druon36@email.fr
463,Léa,Hennion,Douai,Professionnel,2021-01-11,léa.hennion10@email.fr
464,Lucas,Becquart,Lille,Professionnel,2021-07-15,lucas.becquart84@email.fr
465,Jade,Lemoine,Tourcoing,Premium,2023-10-05,jade.lemoine6@email.fr
466,Zoé,Carlier,Dunkerque,Premium,2021-01-30,zoé.carlier57@email.fr
467,Raphaël,Vandamme,Tourcoing,Premium,2022-04-05,raphaël.vandamme27@email.fr
468,Lucas,Crombez,Valenciennes,Premium,2023-06-11,lucas.crombez21@email.fr
469,Lina,Crombez,Valenciennes,Professionnel,2023-04-02,lina.crombez5@email.fr
470,Lina,Dubois,Calais,Particulier,2024-07-18,lina.dubois89@email.fr
471,Lina,Lemoine,Calais,Particulier,2020-07-22,lina.lemoine43@email.fr
472,Zoé,Carlier,Tourcoing,Premium,2021-06-22,zoé.carlier34@email.fr
473,Manon,Vandamme,Lille,Particulier,2024-12-02,manon.vandamme73@email.fr
474,Noah,Hennion,Amiens,Professionnel,2022-11-04,noah.hennion4@email.fr
475,Chloé,Vasseur,Calais,Premium,2021-03-29,chloé.vasseur56@email.fr
476,Lina,Delplace,Roubaix,Premium,2021-06-12,lina.delplace49@email.fr
477,Gabriel,Hennion,Tourcoing,Particulier,2021-09-11,gabriel.hennion55@email.fr
478,Maël,Masson,Tourcoing,Particulier,2022-10-08,maël.masson13@email.fr
479,Sarah,Wattel,Lille,Particulier,2021-06-03,sarah.wattel94@email.fr
480,Sarah,Crombez,Valenciennes,Premium,2023-02-08,sarah.crombez24@email.fr
481,Sarah,Druon,Roubaix,Premium,2022-03-23,sarah.druon67@email.fr
482,Maël,Becquart,Arras,Premium,2023-01-18,maël.becquart74@email.fr
483,Emma,Masson,Douai,Professionnel,2020-10-10,emma.masson34@email.fr
484,Léa,Wattel,Arras,Professionnel,2023-02-11,léa.wattel13@email.fr
485,Lina,Delplace,Roubaix,Premium,2024-08-14,lina.delplace30@email.fr
486,Inès,Druon,Roubaix,Particulier,2020-09-03,inès.druon80@email.fr
487,Chloé,Vasseur,Amiens,Particulier,2021-08-20,chloé.vasseur89@email.fr
488,Inès,Hennion,Arras,Particulier,2023-06-19,inès.hennion92@email.fr
489,Noah,Carlier,Tourcoing,Premium,2023-01-31,noah.carlier23@email.fr
490,Adam,Masson,Lens,Professionnel,2023-05-16,adam.masson60@email.fr
491,Lina,Crombez,Lille,Particulier,2022-10-18,lina.crombez15@email.fr
492,Louis,Wattel,Douai,Particulier,2023-05-30,louis.wattel70@email.fr
493,Maël,Becquart,Lille,Particulier,2023-01-17,maël.becquart41@email.fr
494,Enzo,Lecocq,Lille,Premium,2020-05-15,enzo.lecocq70@email.fr
495,Raphaël,Lefebvre,Dunkerque,Particulier,2023-10-03,raphaël.lefebvre68@email.fr
496,Sarah,Lefebvre,Lille,Particulier,2022-03-26,sarah.lefebvre98@email.fr
497,Manon,Vasseur,Lille,Particulier,2020-04-03,manon.vasseur48@email.fr
498,Nathan,Hennion,Lille,Particulier,2022-01-16,nathan.hennion34@email.fr
499,Lucas,Wattel,Tourcoing,Particulier,2022-03-05,lucas.wattel52@email.fr
500,Léa,Becquart,Amiens,Premium,2020-06-07,léa.becquart16@email.fr
501,Jade,Delplace,Lille,Particulier,2024-12-22,jade.delplace11@email.fr
502,Louis,Vasseur,Valenciennes,Particulier,2021-02-09,louis.vasseur51@email.fr
503,Hugo,Masson,Arras,Particulier,2021-08-26,hugo.masson81@email.fr
504,Jade,Delplace,Lille,Particulier,2022-03-15,jade.delplace53@email.fr
505,Sarah,Lemoine,Lille,Particulier,2024-02-28,sarah.lemoine77@email.fr
506,Manon,Masson,Douai,Premium,2023-09-17,manon.masson18@email.fr
507,Chloé,Lefebvre,Arras,Particulier,2023-11-08,chloé.lefebvre45@email.fr
508,Enzo,Masson,Dunkerque,Premium,2021-03-08,enzo.masson61@email.fr
509,Inès,Vandamme,Arras,Particulier,2024-03-22,inès.vandamme35@email.fr
510,Enzo,Carlier,Lille,Professionnel,2024-02-23,enzo.carlier2@email.fr
511,Emma,Lecocq,Roubaix,Premium,2022-04-26,emma.lecocq8@email.fr
512,Chloé,Hennion,Amiens,Particulier,2022-09-23,chloé.hennion91@email.fr
513,Jade,Masson,Lille,Particulier,2020-03-08,jade.masson60@email.fr
514,Enzo,Hennion,Amiens,Particulier,2023-10-19,enzo.hennion26@email.fr
515,Hugo,Delplace,Tourcoing,Particulier,2024-10-19,hugo.delplace26@email.fr
516,Raphaël,Dhaussy,Amiens,Professionnel,2022-05-12,raphaël.dhaussy4@email.fr
517,Manon,Dubois,Tourcoing,Professionnel,2022-09-13,manon.dubois93@email.fr
518,Nathan,Lefebvre,Roubaix,Particulier,2022-06-30,nathan.lefebvre11@email.fr
519,Maël,Carlier,Lille,Particulier,2020-05-30,maël.carlier75@email.fr
520,Zoé,Dubois,Lille,Particulier,2023-02-04,zoé.dubois24@email.fr
521,Raphaël,Vasseur,Amiens,Particulier,2023-08-09,raphaël.vasseur33@email.fr
522,Zoé,Wattel,Lille,Particulier,2024-08-20,zoé.wattel27@email.fr
523,Adam,Masson,Lille,Particulier,2024-08-23,adam.masson81@email.fr
524,Louis,Becquart,Lille,Particulier,2022-06-16,louis.becquart4@email.fr
525,Maël,Druon,Lille,Particulier,2024-10-16,maël.druon35@email.fr
526,Chloé,Masson,Arras,Professionnel,2022-08-22,chloé.masson28@email.fr
527,Louis,Lecocq,Roubaix,Premium,2023-03-17,louis.lecocq27@email.fr
528,Inès,Becquart,Calais,Premium,2023-01-03,inès.becquart19@email.fr
529,Noah,Dhaussy,Lille,Particulier,2024-12-27,noah.dhaussy90@email.fr
530,Lina,Masson,Valenciennes,Premium,2023-09-07,lina.masson38@email.fr
531,Louis,Delattre,Tourcoing,Professionnel,2020-08-07,louis.delattre41@email.fr
532,Raphaël,Lemoine,Roubaix,Particulier,2020-05-11,raphaël.lemoine38@email.fr
533,Manon,Lefebvre,Douai,Premium,2022-01-18,manon.lefebvre97@email.fr
534,Lina,Wattel,Calais,Particulier,2022-07-30,lina.wattel34@email.fr
535,Gabriel,Delplace,Douai,Premium,2023-05-05,gabriel.delplace34@email.fr
536,Inès,Lefebvre,Lille,Particulier,2022-05-28,inès.lefebvre33@email.fr
537,Maël,Delattre,Lille,Professionnel,2022-07-28,maël.delattre33@email.fr
538,Sarah,Vasseur,Valenciennes,Particulier,2024-08-09,sarah.vasseur9@email.fr
539,Lucas,Vasseur,Roubaix,Particulier,2021-09-03,lucas.vasseur60@email.fr
540,Nathan,Wattel,Amiens,Particulier,2022-06-19,nathan.wattel3@email.fr
541,Hugo,Carlier,Dunkerque,Particulier,2022-10-14,hugo.carlier23@email.fr
542,Emma,Druon,Dunkerque,Particulier,2022-05-04,emma.druon20@email.fr
543,Camille,Becquart,Arras,Particulier,2024-11-01,camille.becquart29@email.fr
544,Manon,Lecocq,Amiens,Particulier,2024-10-22,manon.lecocq75@email.fr
545,Gabriel,Delattre,Lille,Premium,2022-07-25,gabriel.delattre59@email.fr
546,Raphaël,Dubois,Lille,Particulier,2022-04-02,raphaël.dubois98@email.fr
547,Inès,Dubois,Dunkerque,Professionnel,2022-12-10,inès.dubois35@email.fr
548,Adam,Dhaussy,Tourcoing,Premium,2020-11-26,adam.dhaussy91@email.fr
549,Zoé,Masson,Lille,Particulier,2022-02-16,zoé.masson5@email.fr
550,Léa,Dubois,Roubaix,Particulier,2021-01-30,léa.dubois50@email.fr
551,Noah,Dhaussy,Amiens,Particulier,2020-09-19,noah.dhaussy79@email.fr
552,Sarah,Lefebvre,Arras,Particulier,2020-06-22,sarah.lefebvre53@email.fr
553,Sarah,Druon,Dunkerque,Particulier,2022-12-07,sarah.druon92@email.fr
554,Lucas,Delplace,Roubaix,Premium,2020-01-02,lucas.delplace31@email.fr
555,Sarah,Wattel,Lille,Particulier,2023-03-25,sarah.wattel4@email.fr
556,Emma,Hennion,Dunkerque,Premium,2022-02-27,emma.hennion76@email.fr
557,Gabriel,Delplace,Roubaix,Particulier,2021-10-30,gabriel.delplace7@email.fr
558,Lucas,Wattel,Dunkerque,Professionnel,2023-11-04,lucas.wattel75@email.fr
559,Inès,Dubois,Valenciennes,Particulier,2022-09-10,inès.dubois72@email.fr
560,Zoé,Lecocq,Lille,Particulier,2023-08-31,zoé.lecocq83@email.fr
561,Emma,Hennion,Lille,Particulier,2023-07-18,emma.hennion47@email.fr
562,Léa,Hennion,Lille,Professionnel,2020-02-28,léa.hennion88@email.fr
563,Noah,Lemoine,Lens,Particulier,2021-01-28,noah.lemoine17@email.fr
564,Noah,Wattel,Valenciennes,Particulier,2022-11-06,noah.wattel43@email.fr
565,Hugo,Lemoine,Lille,Particulier,2024-11-15,hugo.lemoine12@email.fr
566,Lina,Dubois,Lens,Particulier,2020-10-08,lina.dubois76@email.fr
567,Jade,Druon,Tourcoing,Particulier,2020-07-11,jade.druon70@email.fr
568,Gabriel,Delattre,Tourcoing,Particulier,2024-09-13,gabriel.delattre80@email.fr
569,Jade,Lefebvre,Lens,Particulier,2024-10-30,jade.lefebvre75@email.fr
570,Maël,Crombez,Lille,Particulier,2020-11-01,maël.crombez31@email.fr
571,Noah,Delattre,Lille,Particulier,2022-01-03,noah.delattre7@email.fr
572,Maël,Lecocq,Dunkerque,Particulier,2023-02-17,maël.lecocq92@email.fr
573,Zoé,Becquart,Lille,Premium,2020-12-22,zoé.becquart49@email.fr
574,Zoé,Dubois,Valenciennes,Particulier,2021-08-18,zoé.dubois10@email.fr
575,Lucas,Masson,Lille,Professionnel,2021-12-22,lucas.masson91@email.fr
576,Nathan,Vasseur,Lille,Premium,2023-03-16,nathan.vasseur98@email.fr
577,Emma,Carlier,Lille,Particulier,2021-07-16,emma.carlier44@email.fr
578,Gabriel,Delplace,Tourcoing,Particulier,2022-01-22,gabriel.delplace76@email.fr
579,Lucas,Vasseur,Lille,Particulier,2021-06-12,lucas.vasseur4@email.fr
580,Lucas,Dubois,Lille,Particulier,2023-10-18,lucas.dubois10@email.fr
581,Inès,Wattel,Douai,Particulier,2020-10-06,inès.wattel28@email.fr
582,Sarah,Lemoine,Roubaix,Particulier,2021-02-24,sarah.lemoine65@email.fr
583,Hugo,Hennion,Roubaix,Particulier,2021-04-01,hugo.hennion14@email.fr
584,Hugo,Druon,Lille,Particulier,2024-07-11,hugo.druon4@email.fr
585,Léa,Crombez,Roubaix,Premium,2024-09-19,léa.crombez66@email.fr
586,Gabriel,Delplace,Lille,Particulier,2022-07-01,gabriel.delplace76@email.fr
587,Camille,Carlier,Dunkerque,Professionnel,2020-10-12,camille.carlier73@email.fr
588,Gabriel,Delattre,Lille,Particulier,2023-10-11,gabriel.delattre79@email.fr
589,Louis,Lemoine,Douai,Professionnel,2022-06-17,louis.lemoine79@email.fr
590,Louis,Lecocq,Lens,Particulier,2024-03-30,louis.lecocq60@email.fr
591,Raphaël,Vasseur,Lille,Particulier,2021-10-18,raphaël.vasseur51@email.fr
592,Inès,Dhaussy,Lille,Premium,2024-12-27,inès.dhaussy84@email.fr
593,Emma,Wattel,Lille,Particulier,2024-01-12,emma.wattel35@email.fr
594,Maël,Lecocq,Dunkerque,Professionnel,2021-02-12,maël.lecocq10@email.fr
595,Zoé,Druon,Lille,Particulier,2023-08-17,zoé.druon74@email.fr
596,Maël,Carlier,Douai,Particulier,2021-06-07,maël.carlier28@email.fr
597,Inès,Hennion,Amiens,Premium,2021-09-30,inès.hennion96@email.fr
598,Louis,Crombez,Arras,Premium,2021-04-02,louis.crombez41@email.fr
599,Manon,Becquart,Dunkerque,Particulier,2023-05-30,manon.becquart84@email.fr
600,Gabriel,Lemoine,Calais,Professionnel,2021-04-24,gabriel.lemoine5@email.fr
