id_chauffeur,nom,prenom,date_naissance,permis,telephone,email,id_entrepot,date_embauche,actif
1,Dupont,Jean,1985-04-12,B+C+CE,06 12 34 56 78,jean.dupont@transflow.fr,1,2019-03-01,oui
2,Martin,Sophie,1990-08-23,B+C,06 23 45 67 89,sophie.martin@transflow.fr,1,2020-06-15,oui
3,Bernard,Pierre,1978-11-05,B+C+CE,06 34 56 78 90,pierre.bernard@transflow.fr,1,2018-09-01,oui
4,Petit,Marie,1992-02-18,B+C,06 45 67 89 01,marie.petit@transflow.fr,1,2021-01-10,oui
5,Durand,Thomas,1983-06-30,B+C+CE,06 56 78 90 12,thomas.durand@transflow.fr,1,2019-07-01,oui
6,Leroy,Camille,1988-09-14,B,06 67 89 01 23,camille.leroy@transflow.fr,1,2022-03-15,oui
7,Moreau,Lucas,1995-01-22,B+C,06 78 90 12 34,lucas.moreau@transflow.fr,1,2023-02-01,oui
8,Roux,Emma,1987-12-08,B+C+CE,06 89 01 23 45,emma.roux@transflow.fr,1,2020-01-15,oui
9,Simon,Hugo,1991-03-27,B+C,06 90 12 34 56,hugo.simon@transflow.fr,1,2021-09-01,non
10,Laurent,Alice,1986-07-19,B+C+CE,06 01 23 45 67,alice.laurent@transflow.fr,1,2019-11-01,oui
11,Michel,Antoine,1982-10-03,B+C+CE,06 11 22 33 44,antoine.michel@transflow.fr,1,2018-04-15,oui
12,Garcia,Lea,1993-05-16,B+C,06 22 33 44 55,lea.garcia@transflow.fr,1,2022-08-01,oui
13,David,Nicolas,1980-08-28,B+C+CE,06 33 44 55 66,nicolas.david@transflow.fr,1,2019-01-10,oui
14,Bertrand,Julie,1994-12-01,B,06 44 55 66 77,julie.bertrand@transflow.fr,1,2023-05-15,oui
15,Robert,Maxime,1989-04-09,B+C,06 55 66 77 88,maxime.robert@transflow.fr,1,2020-10-01,oui
16,Fournier,Clement,1984-06-22,B+C+CE,06 66 77 88 99,clement.fournier@transflow.fr,2,2019-05-01,oui
17,Girard,Manon,1991-09-11,B+C,06 77 88 99 00,manon.girard@transflow.fr,2,2020-08-15,oui
18,Bonnet,Julien,1979-01-30,B+C+CE,06 88 99 00 11,julien.bonnet@transflow.fr,2,2018-06-01,oui
19,Fontaine,Chloe,1996-03-14,B,06 99 00 11 22,chloe.fontaine@transflow.fr,2,2023-01-15,oui
20,Rousseau,Alexandre,1985-11-25,B+C+CE,06 10 20 30 40,alexandre.rousseau@transflow.fr,2,2019-09-01,oui
21,Muller,Charlotte,1990-07-07,B+C,06 20 30 40 50,charlotte.muller@transflow.fr,2,2021-04-01,oui
22,Lefevre,Romain,1983-02-19,B+C+CE,06 30 40 50 60,romain.lefevre@transflow.fr,2,2020-02-15,oui
23,Andre,Pauline,1992-08-04,B+C,06 40 50 60 70,pauline.andre@transflow.fr,2,2022-06-01,oui
24,Mercier,Baptiste,1987-05-31,B+C+CE,06 50 60 70 80,baptiste.mercier@transflow.fr,2,2019-12-01,oui
25,Blanc,Laura,1994-10-17,B,06 60 70 80 90,laura.blanc@transflow.fr,2,2023-04-15,oui
26,Lambert,Mathieu,1981-04-02,B+C+CE,06 70 80 90 01,mathieu.lambert@transflow.fr,3,2018-10-01,oui
27,Guerin,Sarah,1993-12-28,B+C,06 80 90 01 12,sarah.guerin@transflow.fr,3,2021-07-01,oui
28,Boyer,Kevin,1986-09-15,B+C+CE,06 91 02 13 24,kevin.boyer@transflow.fr,3,2019-04-15,oui
29,Garnier,Marine,1990-01-08,B+C,06 02 13 24 35,marine.garnier@transflow.fr,3,2020-11-01,oui
30,Chevalier,Florian,1984-07-21,B+C+CE,06 13 24 35 46,florian.chevalier@transflow.fr,3,2019-02-01,oui
31,Robin,Elodie,1995-06-13,B,06 24 35 46 57,elodie.robin@transflow.fr,3,2023-03-01,oui
32,Masson,Dylan,1988-03-05,B+C,06 35 46 57 68,dylan.masson@transflow.fr,3,2021-01-15,oui
33,Noel,Audrey,1982-11-19,B+C+CE,06 46 57 68 79,audrey.noel@transflow.fr,3,2018-12-01,oui
34,Henry,Quentin,1991-08-26,B+C,06 57 68 79 80,quentin.henry@transflow.fr,3,2022-02-15,oui
35,Morel,Anais,1989-02-14,,06 68 79 80 91,anais.morel@transflow.fr,3,2020-05-01,oui
