Date;ISBN13;Qte;PU;Email;Canal
18/01/2026;9788374801171;1;37.49;gabriel.dubois82@example.org;online
27/09/2025;9781713532125;3;22.81;gabriel.moreau13@example.org;place de marché
16/03/2026;9780263119763;1;32.26;manon.fournier71@example.org;web
13/10/2025;9780263108262;1;19.98;emma.martin80@example.org;place de marché
10/08/2025;9781976087097;1;30.78;emma.lefebvre82@example.org;STORE
31/05/2026;9791000000209;1;11.36;hugo.bertrand49@example.org;STORE
18/11/2025;9782021011968;3;26.71;nathan.bernard59@example.org;site
22/11/2025;9780060826086;2;7.78;arthur.fournier47@example.org;boutique
09/03/2026;9788804686521;1;7.1;lea.moreau88@example.org;Magasin
08/12/2025;9782843623103;3;33.12;louis.laurent2@example.org;boutique
20/05/2026;9780007527564;2;8.65;ines.simon62@example.org;site
08/11/2025;9791000000509;1;25.96;camille.leroy66@example.org;boutique
03/01/2026;9780575073241;2;5.54;emma.moreau11@example.org;boutique
04/03/2026;9798618236188;3;16.84;theo.lefebvre96@example.org;Magasin
21/01/2026;9791000000469;1;10.62;manon.michel14@example.org;STORE
14/10/2025;9791000000789;2;19.84;zoe.michel77@example.org;STORE
15/05/2026;9780547524009;1;19.7;lucas.simon81@example.org;site
18/07/2025;9791000000839;1;25.28;theo.roux83@example.org;STORE
28/08/2025;9780134101477;2;19.7;louis.simon32@example.org;magasin
07/01/2026;9780671746520;1;15.63;camille.simon89@example.org;magasin
18/10/2025;9780963270702;1;15.88;hugo.leroy9@example.org;online
17/10/2025;9786155514142;1;24.36;lea.roux83@example.org;Magasin
08/02/2026;9780525537113;2;11.51;jules.morel64@example.org;online
18/11/2025;9780140139198;1;20.53;ines.roux50@example.org;boutique
23/11/2025;9780061492570;1;34.81;camille.lefebvre37@example.org;boutique
23/01/2026;9780806246178;2;37.0;jules.simon83@example.org;site
18/08/2025;9780825616518;2;30.1;manon.simon97@example.org;STORE
11/04/2026;9786070793677;1;26.18;jade.laurent90@example.org;Magasin
25/05/2026;9791000000929;3;34.34;nathan.martin29@example.org;magasin
10/09/2025;9786525917313;0;34.99;gabriel.moreau22@example.org;site
05/01/2026;9781984801494;3;39.53;jules.laurent6@example.org;magasin
03/12/2025;9788476603819;1;28.85;jade.laurent90@example.org;boutique
25/04/2026;9781521093443;1;15.8;emma.morel75@example.org;MP
08/06/2026;9780792483809;1;13.01;arthur.david63@example.org;en ligne
05/03/2026;9781935682028;1;31.62;lea.simon72@example.org;boutique
14/10/2025;9781497303881;1;38.9;jules.moreau2@example.org;web
14/01/2026;9780263757538;1;16.55;ines.morel40@example.org;Magasin
16/03/2026;9780970373908;3;12.24;lucas.michel58@example.org;web
05/10/2025;9780375507250;1;10.31;theo.fournier74@example.org;site
24/08/2025;9780785744580;1;5.09;zoe.dubois35@example.org;magasin
29/03/2026;9780486243832;1;8.69;lea.simon56@example.org;boutique
15/03/2026;9780718033323;1;6.38;manon.simon13@example.org;magasin
02/02/2026;9781547236091;1;18.76;manon.leroy78@example.org;online
25/08/2025;9780061351426;1;13.31;nathan.moreau15@example.org;magasin
21/04/2026;9781421809083;1;23.34;manon.moreau80@example.org;online
21/08/2025;9788492412402;2;35.64;manon.lefebvre27@example.org;boutique
25/12/2025;9781491514931;1;25.61;camille.bernard24@example.org;online
18/06/2026;9788828350453;1;28.62;louis.dubois43@example.org;online
07/07/2025;9780380976003;1;16.33;louis.laurent10@example.org;boutique
05/07/2025;9780393656435;1;21.27;camille.lefebvre32@example.org;online
09/07/2025;9781250030962;1;14.79;hugo.leroy65@example.org;boutique
18/08/2025;9780804168441;1;30.56;zoe.lefebvre95@example.org;en ligne
09/11/2025;9780198118244;1;17.4;camille.fournier46@example.org;MP
23/03/2026;9786070793677;1;35.13;arthur.bernard35@example.org;site
27/01/2026;9781982127794;1;39.69;lucas.lefebvre4@example.org;boutique
22/06/2026;9791000000989;1;11.8;lea.moreau49@example.org;magasin
17/05/2026;9780141384641;1;36.8;louis.laurent87@example.org;MP
17/01/2026;9780593642009;1;39.69;theo.moreau6@example.org;en ligne
01/09/2025;9780263778809;2;24.56;lucas.laurent15@example.org;site
16/06/2026;9781857987386;1;9.82;theo.roux72@example.org;boutique
25/11/2025;9780849202476;2;5.05;jules.moreau37@example.org;magasin
04/12/2025;9780224008884;1;27.87;camille.martin33@example.org;boutique
23/11/2025;9780679728054;2;28.05;emma.bernard92@example.org;STORE
09/10/2025;9781444833386;1;7.36;hugo.martin61@example.org;STORE
13/06/2026;9781491514931;1;18.63;nathan.laurent39@example.org;STORE
09/02/2026;9780141384641;2;32.98;emma.david99@example.org;boutique
30/01/2026;9780061477416;1;15.3;theo.roux81@example.org;Magasin
09/01/2026;9781617807558;2;19.97;emma.leroy57@example.org;STORE
16/06/2026;9780140209723;1;17.04;zoe.michel53@example.org;Magasin
13/04/2026;9780471119463;3;19.4;emma.roux39@example.org;boutique
08/01/2026;9791020924636;1;36.36;theo.martin97@example.org;Magasin
09/06/2026;9780072466652;1;31.51;zoe.fournier7@example.org;magasin
29/05/2026;9789020554113;1;7.95;theo.roux62@example.org;STORE
01/09/2025;9789189298323;1;22.58;jules.bertrand27@example.org;web
11/03/2026;9780825616495;1;28.42;emma.laurent81@example.org;STORE
04/07/2025;9780224617253;1;28.85;nathan.bernard1@example.org;web
31/08/2025;9781092148580;1;11.73;arthur.martin65@example.org;online
01/09/2025;9780307567291;1;39.29;hugo.fournier70@example.org;STORE
14/06/2026;9781435336667;2;26.35;gabriel.dubois82@example.org;site
02/06/2026;9788324592838;1;30.75;chloe.lefebvre62@example.org;STORE
21/08/2025;9791000000849;1;17.5;manon.michel50@example.org;magasin
03/02/2026;9780307815651;1;20.68;jade.martin75@example.org;STORE
30/05/2026;9791000000159;1;20.23;lucas.dubois60@example.org;Magasin
20/09/2025;9780307704511;1;34.98;chloe.simon91@example.org;Magasin
28/09/2025;9780840356451;1;27.72;ines.lefebvre92@example.org;boutique
03/06/2026;9780967162461;3;6.91;arthur.michel61@example.org;boutique
17/03/2026;9780736423298;1;13.68;ines.roux75@example.org;STORE
23/01/2026;9783550068751;1;34.66;louis.moreau13@example.org;magasin
13/06/2026;9789353445416;1;12.7;hugo.bernard23@example.org;Magasin
01/02/2026;9791000000469;1;26.16;nathan.martin96@example.org;site
08/01/2026;9780007527564;1;5.54;louis.simon14@example.org;Magasin
23/05/2026;9780142413401;1;11.43;arthur.lefebvre87@example.org;STORE
21/09/2025;9788934977841;2;33.13;chloe.bernard75@example.org;magasin
08/06/2026;9780071772204;1;33.17;camille.simon53@example.org;site
15/06/2026;9780415478816;3;30.28;arthur.moreau27@example.org;Magasin
30/12/2025;9780060721428;2;34.71;lea.lefebvre55@example.org;Magasin
18/04/2026;9789584275097;1;22.81;nathan.bernard64@example.org;web
03/04/2026;9780593160015;1;33.58;theo.fournier33@example.org;Magasin
04/08/2025;9781434267276;2;38.77;lea.leroy74@example.org;web
09/05/2026;9781534438545;1;26.4;nathan.roux61@example.org;en ligne
17/07/2025;9783423262644;1;11.6;jules.dubois27@example.org;en ligne
05/06/2026;9791000000369;2;12.84;lea.morel73@example.org;place de marché
19/07/2025;9781476873626;0;38.13;lea.leroy62@example.org;web
22/07/2025;9798454025748;1;22.47;lucas.michel62@example.org;STORE
25/10/2025;9781408999233;3;5.43;chloe.leroy78@example.org;online
10/07/2025;9780373106233;1;18.2;jade.bertrand17@example.org;online
08/04/2026;9780061542954;1;8.68;lucas.simon25@example.org;en ligne
30/07/2025;9780655672241;1;25.34;hugo.michel96@example.org;magasin
08/07/2025;9780330471138;2;33.27;lea.martin17@example.org;MP
23/07/2025;9780307262196;1;27.69;hugo.laurent17@example.org;Magasin
01/09/2025;9780263121407;1;13.36;chloe.lefebvre91@example.org;STORE
21/10/2025;9780143432821;2;37.83;theo.fournier84@example.org;web
14/11/2025;9798352831533;1;22.32;jules.simon53@example.org;Magasin
13/10/2025;9791000000359;1;39.05;hugo.laurent95@example.org;boutique
11/09/2025;9783442249329;3;29.22;zoe.bernard3@example.org;Magasin
16/11/2025;9780765316974;1;15.13;lea.martin36@example.org;online
12/01/2026;9781732172234;1;12.45;jade.dubois85@example.org;Magasin
04/06/2026;9781780318578;1;31.51;camille.roux97@example.org;STORE
12/11/2025;9780684131887;2;12.17;camille.simon93@example.org;place de marché
04/02/2026;9781617807558;2;30.53;jules.morel14@example.org;Magasin
13/06/2026;9780140449532;2;37.7;zoe.michel74@example.org;place de marché
23/03/2026;9780743486286;1;18.0;hugo.dubois2@example.org;STORE
18/11/2025;9780385094436;0;31.81;theo.simon74@example.org;online
18/11/2025;9780451622891;1;13.37;camille.bernard40@example.org;STORE
30/09/2025;9780143432821;1;20.07;zoe.martin46@example.org;online
11/04/2026;9781119997559;1;25.02;lea.laurent79@example.org;en ligne
11/02/2026;9780134101477;1;32.35;manon.fournier64@example.org;marketplace
28/09/2025;9781857987386;2;27.72;hugo.bernard84@example.org;magasin
17/03/2026;9783442245666;1;15.73;hugo.martin92@example.org;STORE
09/07/2025;9780465067091;2;34.57;jules.roux31@example.org;MP
17/03/2026;9780143432821;1;7.24;chloe.simon74@example.org;STORE
14/06/2026;9781936719112;1;19.6;theo.dubois4@example.org;en ligne
01/01/2026;9780136054054;3;36.27;lucas.lefebvre38@example.org;site
23/07/2025;9780996487191;3;36.78;camille.bernard78@example.org;boutique
19/03/2026;9788440666826;2;22.49;lucas.moreau49@example.org;site
15/09/2025;9781466864580;2;27.48;lea.moreau73@example.org;online
01/09/2025;9785557099196;2;32.76;arthur.david68@example.org;Magasin
08/10/2025;9780007163243;1;36.75;ines.moreau99@example.org;STORE
09/12/2025;9780061895968;3;29.03;zoe.bertrand53@example.org;STORE
13/04/2026;9788440672599;1;17.33;arthur.roux30@example.org;Magasin
26/10/2025;9780792443483;2;39.43;hugo.morel53@example.org;web
24/11/2025;9780356521640;1;7.39;gabriel.leroy19@example.org;online
10/10/2025;9791000000239;1;20.57;louis.bernard54@example.org;en ligne
30/06/2026;9791000000549;1;8.08;jules.fournier56@example.org;site
07/08/2025;9780750504355;1;23.24;jade.michel46@example.org;web
12/04/2026;9788308048948;2;8.71;ines.roux78@example.org;magasin
24/07/2025;9789388144346;2;17.07;zoe.michel81@example.org;MP
09/02/2026;9798990047709;2;29.28;louis.bertrand99@example.org;site
04/07/2025;9789719201847;1;28.36;zoe.michel42@example.org;Magasin
28/04/2026;9780356232928;3;7.93;theo.lefebvre44@example.org;magasin
26/03/2026;9781464009143;1;37.35;theo.simon50@example.org;STORE
12/09/2025;9780606309912;2;30.51;chloe.michel67@example.org;en ligne
12/05/2026;9780307262196;1;14.58;nathan.laurent36@example.org;Magasin
25/09/2025;9780142423295;3;13.68;nathan.moreau86@example.org;STORE
14/10/2025;9780373106233;2;31.22;camille.roux6@example.org;boutique
14/07/2025;9781536681949;1;37.84;gabriel.bertrand57@example.org;boutique
29/11/2025;9791000000429;1;29.5;nathan.lefebvre56@example.org;online
09/09/2025;9781709948305;2;8.62;lucas.morel11@example.org;boutique
15/12/2025;9789022591932;1;14.27;lea.bertrand89@example.org;en ligne
20/07/2025;9780263778809;1;29.46;ines.moreau72@example.org;site
18/05/2026;9780754000471;1;25.26;hugo.david26@example.org;MP
06/03/2026;9780671742881;1;22.08;emma.moreau82@example.org;magasin
18/10/2025;9780756956691;1;21.87;chloe.bertrand23@example.org;marketplace
12/11/2025;9781974052264;1;25.17;lucas.lefebvre68@example.org;boutique
27/10/2025;9781984842305;1;21.67;jade.roux46@example.org;online
21/10/2025;9781665141253;3;36.25;theo.michel58@example.org;STORE
03/02/2026;9789367901229;1;38.35;nathan.simon90@example.org;Magasin
05/03/2026;9780749459116;2;21.82;gabriel.david31@example.org;site
17/03/2026;9781502784278;2;32.21;jules.leroy99@example.org;STORE
10/12/2025;9789812340931;1;20.15;jade.laurent7@example.org;STORE
21/10/2025;9788324592265;1;6.12;zoe.michel29@example.org;boutique
17/05/2026;9781500420536;3;26.21;ines.dubois78@example.org;magasin
11/07/2025;9781409181613;1;32.13;ines.simon99@example.org;place de marché
26/07/2025;9780373020751;1;23.46;louis.fournier69@example.org;Magasin
26/10/2025;9780996487191;2;36.74;ines.michel28@example.org;web
19/07/2025;9780140440577;1;37.79;nathan.leroy51@example.org;MP
22/11/2025;9780575042681;1;26.86;hugo.martin35@example.org;magasin
10/01/2026;9780840356451;1;33.47;manon.fournier11@example.org;site
26/06/2026;9780061741005;2;5.21;emma.bernard95@example.org;Magasin
07/05/2026;9783785530030;1;15.96;camille.laurent36@example.org;Magasin
13/11/2025;9791000000949;1;21.19;theo.michel12@example.org;boutique
14/04/2026;9781709948305;1;36.63;hugo.michel3@example.org;MP
07/01/2026;9780898451429;1;8.33;hugo.roux4@example.org;online
14/02/2026;9781536681949;1;8.36;theo.simon19@example.org;site
25/09/2025;9781593974336;2;21.84;hugo.bernard19@example.org;Magasin
28/02/2026;9781442486126;2;24.56;hugo.martin99@example.org;online
07/12/2025;9789189298323;1;9.83;ines.bertrand73@example.org;Magasin
15/11/2025;9780860099697;1;24.41;arthur.leroy64@example.org;en ligne
29/10/2025;9780312472849;1;21.6;lea.bernard55@example.org;place de marché
04/09/2025;9780061734526;1;22.91;nathan.dubois26@example.org;Magasin
28/08/2025;9780563524922;2;22.03;arthur.dubois96@example.org;online
29/11/2025;9798596021639;1;14.92;manon.leroy42@example.org;STORE
23/09/2025;9780593109069;1;28.75;lucas.leroy78@example.org;STORE
16/10/2025;9791000000609;1;30.94;emma.dubois68@example.org;Magasin
30/01/2026;9782226018052;1;6.87;camille.laurent90@example.org;boutique
18/08/2025;9782265077249;1;7.85;zoe.roux21@example.org;magasin
13/04/2026;9791000000059;1;26.76;chloe.laurent37@example.org;Magasin
04/12/2025;9781690319849;1;18.78;manon.leroy70@example.org;boutique
17/09/2025;9781101192740;2;14.41;manon.roux14@example.org;boutique
27/04/2026;9780756992248;2;16.19;manon.morel95@example.org;online
02/07/2025;9781977668066;1;12.16;emma.dubois22@example.org;Magasin
13/12/2025;9781508217022;2;6.35;zoe.michel86@example.org;online
14/03/2026;9788440220677;1;24.33;jade.morel50@example.org;Magasin
25/03/2026;9780195365931;1;35.77;chloe.dubois82@example.org;STORE
09/02/2026;9798897248889;1;29.11;manon.david16@example.org;online
30/09/2025;9780263790429;2;34.78;lucas.bertrand55@example.org;web
06/10/2025;9780575085688;1;37.54;camille.moreau57@example.org;en ligne
03/07/2025;9780307291813;1;7.83;lucas.laurent65@example.org;magasin
18/07/2025;9798739955418;1;21.45;jules.bertrand91@example.org;en ligne
30/07/2025;9791000000969;1;5.58;arthur.roux81@example.org;Magasin
28/02/2026;9781424231355;2;31.07;nathan.martin48@example.org;magasin
17/09/2025;9781957568225;2;35.33;emma.bernard54@example.org;site
23/05/2026;9781534431010;1;7.95;manon.fournier25@example.org;magasin
10/06/2026;9780575079090;2;36.28;louis.roux93@example.org;STORE
06/06/2026;9781713532125;1;28.14;jules.bernard25@example.org;boutique
12/08/2025;9798628440865;1;14.25;chloe.bertrand65@example.org;online
02/07/2025;9788579623844;1;16.91;ines.lefebvre73@example.org;magasin
23/02/2026;9781588810403;1;7.71;lea.dubois41@example.org;magasin
06/07/2025;9781478312932;1;20.8;hugo.laurent88@example.org;web
06/09/2025;9798764553290;1;29.49;louis.laurent18@example.org;en ligne
05/10/2025;9783734163357;2;10.77;theo.laurent90@example.org;Magasin
08/03/2026;9780300024838;1;16.85;zoe.fournier81@example.org;boutique
26/04/2026;9782724215908;1;24.63;gabriel.simon83@example.org;STORE
24/06/2026;9791000000939;1;33.88;manon.bernard66@example.org;boutique
25/02/2026;9781250790514;1;8.58;louis.lefebvre18@example.org;Magasin
07/01/2026;9798846711082;1;25.33;jules.simon90@example.org;magasin
05/07/2025;9780263762495;1;16.35;nathan.dubois46@example.org;en ligne
06/04/2026;9783442353927;2;20.04;zoe.roux74@example.org;Magasin
28/02/2026;9788491052371;1;30.11;ines.lefebvre87@example.org;online
28/10/2025;9780898451429;3;37.31;nathan.michel55@example.org;STORE
22/01/2026;9789719201847;1;22.63;theo.roux90@example.org;place de marché
17/04/2026;9781433207938;1;27.98;jules.bernard40@example.org;boutique
20/02/2026;9789020632729;1;4.53;emma.moreau23@example.org;en ligne
03/10/2025;9780307394392;2;19.95;hugo.dubois88@example.org;STORE
20/09/2025;9781409095484;1;23.96;jade.bertrand28@example.org;Magasin
23/02/2026;9781565843790;1;36.96;jade.dubois41@example.org;web
15/12/2025;9791000000209;1;28.39;gabriel.roux51@example.org;magasin
08/06/2026;9789189298323;3;5.45;louis.morel31@example.org;STORE
14/03/2026;9780708313503;1;25.71;jade.bernard83@example.org;boutique
05/10/2025;9780099439752;1;19.91;ines.michel84@example.org;boutique
23/11/2025;9788579623844;1;33.57;jules.laurent54@example.org;boutique
15/06/2026;9781727208351;2;20.96;lea.simon88@example.org;magasin
24/01/2026;9780008305703;2;10.2;emma.roux65@example.org;online
06/07/2025;9781446456309;1;28.22;gabriel.morel7@example.org;en ligne
21/05/2026;9789367901229;1;32.91;zoe.leroy48@example.org;Magasin
31/03/2026;9791000000979;1;32.31;gabriel.leroy98@example.org;online
10/08/2025;9780862201234;1;38.07;manon.moreau66@example.org;online
23/02/2026;9780321793102;1;35.22;zoe.simon7@example.org;STORE
20/12/2025;9780198118312;1;33.5;manon.dubois38@example.org;STORE
14/02/2026;9780131105409;1;5.76;nathan.simon94@example.org;magasin
19/01/2026;9785170178285;1;23.44;emma.bertrand19@example.org;Magasin
18/11/2025;9781442472426;3;28.89;hugo.fournier94@example.org;Magasin
15/12/2025;9780062073747;1;26.07;nathan.michel66@example.org;magasin
23/05/2026;9781424231355;1;18.69;louis.bertrand33@example.org;magasin
07/02/2026;9791000000909;1;11.28;manon.laurent79@example.org;web
26/07/2025;9781083144430;1;12.12;gabriel.laurent96@example.org;web
09/06/2026;9780198118756;1;36.71;theo.laurent1@example.org;Magasin
29/01/2026;9780263121407;1;13.95;ines.bernard29@example.org;boutique
14/12/2025;9780061739590;1;14.69;zoe.roux54@example.org;STORE
01/03/2026;9791000000549;1;16.64;ines.simon57@example.org;boutique
13/03/2026;9780805035650;1;10.52;jade.laurent52@example.org;magasin
19/04/2026;9791000000929;1;21.72;lucas.bernard27@example.org;en ligne
09/12/2025;9780263853087;1;5.55;louis.roux46@example.org;Magasin
12/07/2025;9781433207938;3;24.2;arthur.moreau49@example.org;boutique
02/09/2025;9788371501531;1;11.98;nathan.roux38@example.org;boutique
22/01/2026;9780593105061;1;31.1;gabriel.roux36@example.org;en ligne
19/05/2026;9780970373908;1;28.81;ines.leroy69@example.org;online
23/01/2026;9788447369225;2;14.63;zoe.dubois23@example.org;Magasin
30/03/2026;9780825616518;1;20.93;louis.david13@example.org;Magasin
31/01/2026;9791000000999;1;11.19;camille.roux29@example.org;boutique
15/03/2026;9781467787789;1;30.42;camille.simon79@example.org;web
17/05/2026;9781440758089;1;38.2;camille.bertrand77@example.org;Magasin
07/10/2025;9780671255961;3;20.71;hugo.dubois61@example.org;boutique
28/11/2025;9780849202476;2;11.83;zoe.lefebvre32@example.org;Magasin
29/09/2025;9791000000989;1;27.2;ines.fournier21@example.org;marketplace
05/08/2025;9780062019813;2;28.64;gabriel.fournier67@example.org;Magasin
06/08/2025;9781617807558;1;13.71;nathan.bertrand78@example.org;site
31/07/2025;9788374805568;2;33.82;jules.simon52@example.org;Magasin
02/09/2025;9798454025748;1;13.79;nathan.bertrand22@example.org;STORE
21/12/2025;9780263137958;3;32.66;chloe.laurent13@example.org;STORE
07/08/2025;9780881039108;2;21.9;hugo.morel34@example.org;en ligne
13/02/2026;9780593160015;2;29.26;manon.roux5@example.org;boutique
25/11/2025;9781439116050;1;17.63;lucas.bertrand38@example.org;STORE
20/09/2025;9781093750065;1;21.33;zoe.david38@example.org;marketplace
21/06/2026;9783442424504;1;14.85;jade.laurent82@example.org;web
17/10/2025;9780697034342;1;25.18;manon.simon93@example.org;Magasin
26/09/2025;9791000000979;1;10.02;ines.leroy48@example.org;Magasin
06/03/2026;9786073814423;1;23.09;louis.lefebvre49@example.org;site
03/08/2025;9781283677127;1;11.81;emma.laurent78@example.org;site
30/12/2025;9780425104347;1;36.81;camille.fournier96@example.org;web
03/01/2026;9781718104273;1;26.67;ines.leroy9@example.org;en ligne
31/03/2026;9780945001102;2;35.39;jules.lefebvre73@example.org;boutique
02/10/2025;9780860099697;3;34.86;hugo.bertrand92@example.org;Magasin
08/05/2026;9781421809083;1;7.73;chloe.bertrand9@example.org;boutique
01/08/2025;9781593974336;1;25.23;arthur.lefebvre13@example.org;magasin
21/05/2026;9780785740568;1;8.62;lea.lefebvre26@example.org;magasin
19/10/2025;9789643114190;1;24.65;gabriel.fournier15@example.org;Magasin
08/10/2025;9780593642009;2;26.25;zoe.martin33@example.org;online
10/03/2026;9781529152975;1;22.46;theo.david39@example.org;en ligne
05/11/2025;9780356521640;1;24.37;theo.david57@example.org;site
02/10/2025;9781421889276;1;36.13;arthur.lefebvre21@example.org;marketplace
07/02/2026;9780590113076;1;37.26;zoe.simon82@example.org;boutique
25/08/2025;9780898451429;1;15.37;theo.simon99@example.org;Magasin
01/12/2025;9791000000519;1;24.71;emma.simon21@example.org;boutique
26/09/2025;9781857234701;1;27.96;ines.leroy61@example.org;online
15/11/2025;9780141374239;3;21.21;theo.simon19@example.org;en ligne
29/12/2025;9780825616518;2;20.42;gabriel.roux51@example.org;Magasin
23/01/2026;9788417992491;3;17.02;emma.lefebvre99@example.org;STORE
26/06/2026;9781538745748;1;29.87;theo.fournier48@example.org;magasin
12/01/2026;9780449235997;1;30.66;chloe.roux65@example.org;Magasin
24/08/2025;9788476603819;1;16.02;arthur.bertrand76@example.org;online
24/07/2025;9780241753859;1;28.85;arthur.moreau36@example.org;place de marché
31/07/2025;9780028729206;1;16.63;lucas.lefebvre37@example.org;magasin
07/08/2025;9780131105409;3;30.43;emma.fournier20@example.org;STORE
14/04/2026;9781588810403;1;16.11;manon.leroy68@example.org;STORE
10/09/2025;9782266138826;2;35.32;ines.fournier47@example.org;online
18/10/2025;9780671491758;1;12.56;lucas.simon26@example.org;en ligne
12/07/2025;9780061244650;1;19.04;jade.morel63@example.org;magasin
31/07/2025;9791000000369;0;17.72;gabriel.martin65@example.org;en ligne
09/03/2026;9798377220947;1;26.96;lea.roux12@example.org;site
20/03/2026;9780945001102;2;24.82;zoe.roux84@example.org;boutique
16/06/2026;9780718033323;2;20.99;emma.david43@example.org;site
21/04/2026;9788324592265;1;32.15;gabriel.martin52@example.org;STORE
16/01/2026;9780878210329;1;15.91;emma.laurent29@example.org;STORE
31/05/2026;9783453089228;1;33.58;lucas.bertrand74@example.org;boutique
14/09/2025;9780358213253;1;8.07;jules.morel17@example.org;STORE
15/12/2025;9780466208349;1;12.65;chloe.moreau39@example.org;marketplace
16/11/2025;9780061451652;3;12.19;lucas.martin18@example.org;Magasin
09/01/2026;9781439116050;1;30.84;chloe.michel7@example.org;Magasin
10/10/2025;9781591847816;2;25.39;nathan.bernard23@example.org;magasin
16/10/2025;9780800854539;3;30.72;lucas.bertrand41@example.org;Magasin
16/08/2025;9798855090437;1;21.42;nathan.lefebvre3@example.org;magasin
01/02/2026;9788420683324;3;8.04;lucas.laurent9@example.org;Magasin
30/05/2026;9780307567291;1;29.32;jade.lefebvre3@example.org;MP
13/12/2025;9780198118756;1;13.31;camille.dubois67@example.org;web
26/02/2026;9780061741005;1;25.61;chloe.fournier95@example.org;STORE
29/01/2026;9780263753820;1;10.6;emma.bertrand86@example.org;boutique
26/08/2025;9788418483448;1;22.11;theo.michel81@example.org;STORE
13/11/2025;9780061097317;1;32.23;ines.martin61@example.org;marketplace
12/09/2025;9791000000379;1;23.6;louis.dubois13@example.org;site
23/10/2025;9781101137833;1;6.85;arthur.lefebvre54@example.org;Magasin
05/05/2026;9780061002823;1;15.52;arthur.laurent17@example.org;STORE
04/01/2026;9791000000819;1;29.86;arthur.lefebvre96@example.org;web
21/03/2026;9780788729386;2;9.55;lea.bertrand13@example.org;Magasin
11/05/2026;9786525917313;1;13.37;theo.simon91@example.org;Magasin
24/03/2026;9781727208351;1;35.78;emma.simon55@example.org;en ligne
23/04/2026;9798671330687;3;5.71;jade.david7@example.org;web
08/07/2025;9780141018980;1;34.07;hugo.dubois51@example.org;MP
04/03/2026;9780263118124;2;11.15;jade.lefebvre28@example.org;Magasin
06/04/2026;9781306337564;1;14.39;ines.simon24@example.org;en ligne
07/03/2026;9782266138826;1;27.98;ines.morel67@example.org;STORE
04/01/2026;9780263138382;1;38.65;emma.bernard30@example.org;Magasin
31/08/2025;9780593105061;2;8.97;lucas.laurent58@example.org;online
12/08/2025;9791000000919;2;22.37;jade.fournier66@example.org;boutique
14/06/2026;9781250819369;2;11.53;lucas.leroy77@example.org;boutique
29/03/2026;9780061556746;1;23.37;hugo.bertrand68@example.org;boutique
21/08/2025;9780063273986;1;26.95;hugo.fournier97@example.org;boutique
09/05/2026;9780061744303;2;14.36;jade.laurent50@example.org;Magasin
25/02/2026;9780312472849;1;37.71;camille.bernard33@example.org;en ligne
10/05/2026;9780393656435;3;6.6;gabriel.dubois19@example.org;Magasin
02/11/2025;9798627347820;2;27.37;jade.roux25@example.org;web
06/08/2025;9781935682028;3;14.28;jade.bernard93@example.org;web
11/09/2025;9798515079307;1;16.09;nathan.leroy40@example.org;magasin
03/05/2026;9780156724005;1;20.01;nathan.leroy96@example.org;online
22/12/2025;9781984842305;1;39.47;jade.fournier33@example.org;magasin
04/02/2026;9782221125779;1;29.63;arthur.morel38@example.org;web
15/08/2025;9780470104248;1;25.71;lucas.moreau86@example.org;Magasin
07/02/2026;9780140139198;1;8.22;manon.fournier93@example.org;en ligne
24/05/2026;9781417633845;1;28.11;manon.simon11@example.org;marketplace
06/03/2026;9780263771213;1;12.34;gabriel.david35@example.org;magasin
28/06/2026;9781421889276;1;34.14;jade.roux67@example.org;place de marché
05/05/2026;9780547524009;1;32.59;nathan.roux13@example.org;magasin
31/10/2025;9783453186880;1;29.61;gabriel.fournier51@example.org;place de marché
25/12/2025;9798739955418;2;34.67;jules.michel81@example.org;online
14/07/2025;9780416027020;1;5.35;ines.bernard38@example.org;online
19/02/2026;9780061728419;2;17.19;lucas.simon32@example.org;en ligne
25/07/2025;9780131105409;1;39.58;manon.morel21@example.org;boutique
07/04/2026;9786073814423;1;18.71;lucas.morel23@example.org;Magasin
18/12/2025;9788535931327;1;30.69;hugo.simon40@example.org;site
16/08/2025;9780553418286;1;26.51;louis.morel49@example.org;marketplace
28/06/2026;9781446456309;1;33.03;lucas.morel21@example.org;boutique
27/08/2025;9788448034580;1;36.67;theo.morel72@example.org;boutique
22/06/2026;9781408999011;1;7.71;jade.fournier34@example.org;boutique
30/03/2026;9781976709135;1;37.11;nathan.fournier95@example.org;en ligne
12/08/2025;9789721041028;0;20.17;jules.moreau71@example.org;web
18/11/2025;9781439116050;1;34.0;hugo.moreau29@example.org;online
19/10/2025;9780393091809;1;13.13;camille.fournier79@example.org;online
29/01/2026;9789583004506;1;24.61;gabriel.dubois67@example.org;online
15/01/2026;9780316389716;1;32.71;lucas.morel34@example.org;online
29/10/2025;9781432899011;1;7.23;emma.simon90@example.org;boutique
23/04/2026;9783442424504;1;36.98;arthur.leroy41@example.org;site
06/05/2026;9781850890362;2;29.9;hugo.lefebvre35@example.org;site
10/02/2026;9781539170389;1;6.79;louis.martin72@example.org;Magasin
30/07/2025;9791000000189;1;35.21;emma.bernard88@example.org;STORE
19/11/2025;9780792443483;1;36.24;camille.bertrand77@example.org;Magasin
07/09/2025;9789020632729;1;20.5;theo.simon30@example.org;Magasin
03/04/2026;9780061351426;1;35.04;jules.bertrand97@example.org;STORE
06/08/2025;9781974052264;1;19.15;louis.bertrand25@example.org;boutique
30/09/2025;9780343038007;1;27.49;arthur.bertrand16@example.org;MP
23/01/2026;9780142413401;2;28.76;gabriel.michel90@example.org;Magasin
23/12/2025;9781495096105;1;17.07;gabriel.laurent64@example.org;magasin
22/01/2026;9780061762604;1;39.39;lea.simon58@example.org;magasin
11/07/2025;9791000000019;1;39.26;jules.david48@example.org;magasin
28/03/2026;9781538500484;1;18.12;camille.morel73@example.org;STORE
27/09/2025;9788422631880;1;22.14;chloe.simon13@example.org;web
20/04/2026;9780345461629;2;29.51;louis.leroy20@example.org;Magasin
20/07/2025;9791000000599;1;38.41;nathan.morel40@example.org;STORE
15/06/2026;9780134101477;1;10.43;nathan.lefebvre25@example.org;boutique
20/12/2025;9791000000629;1;27.81;jade.morel58@example.org;marketplace
03/08/2025;9783423262644;1;9.5;arthur.moreau52@example.org;site
03/03/2026;9798986868035;2;27.85;nathan.fournier67@example.org;magasin
12/12/2025;9791000000359;1;24.86;jade.morel70@example.org;web
08/09/2025;9798642299869;2;14.87;gabriel.michel56@example.org;Magasin
13/07/2025;9788481096156;1;24.37;jade.laurent64@example.org;STORE
23/06/2026;9788417992491;1;5.97;lea.laurent76@example.org;web
25/07/2025;9786287574632;1;38.72;jade.moreau46@example.org;site
16/06/2026;9780330471138;1;22.5;louis.leroy48@example.org;site
20/08/2025;9780451168283;3;36.09;ines.bernard92@example.org;marketplace
19/04/2026;9781521105948;1;6.1;jade.moreau89@example.org;magasin
03/07/2025;9791000000289;1;33.3;ines.dubois50@example.org;marketplace
22/01/2026;9780099439752;1;25.7;manon.michel88@example.org;STORE
31/05/2026;9798671330687;3;18.99;camille.michel53@example.org;Magasin
06/10/2025;9780193151468;2;13.47;camille.david89@example.org;Magasin
15/02/2026;9783442424504;1;12.39;nathan.bernard21@example.org;Magasin
01/04/2026;9783502551638;1;30.7;jade.laurent69@example.org;STORE
18/04/2026;9781250790514;1;8.73;chloe.bernard72@example.org;Magasin
23/03/2026;9783442249329;1;8.37;hugo.martin50@example.org;boutique
21/06/2026;9780739371077;1;19.93;lucas.lefebvre95@example.org;boutique
22/07/2025;9781568655611;3;31.64;chloe.morel27@example.org;STORE
08/07/2025;9791000000739;1;34.93;manon.dubois45@example.org;Magasin
26/05/2026;9780373110926;1;9.92;theo.leroy9@example.org;boutique
08/10/2025;9780136054054;1;20.04;zoe.bernard32@example.org;STORE
12/09/2025;9789994910458;3;6.51;lea.michel67@example.org;magasin
25/09/2025;9780316310420;3;17.61;emma.bernard88@example.org;web
02/07/2025;9781442426757;1;18.22;nathan.fournier29@example.org;magasin
07/08/2025;9780241950265;1;36.74;jade.laurent88@example.org;Magasin
30/10/2025;9780316479264;1;13.35;zoe.lefebvre20@example.org;Magasin
01/01/2026;9780416165326;1;27.05;louis.michel33@example.org;boutique
11/07/2025;9781444833386;2;9.6;zoe.michel91@example.org;boutique
03/09/2025;9780749459116;1;11.87;jade.michel54@example.org;MP
13/02/2026;9791000000779;1;17.37;ines.david52@example.org;web
14/10/2025;9789507511288;1;11.26;chloe.fournier94@example.org;en ligne
07/04/2026;9782221073841;2;18.95;theo.moreau51@example.org;marketplace
04/04/2026;9780141038148;1;36.53;gabriel.martin26@example.org;boutique
19/09/2025;9788432217456;1;22.82;louis.lefebvre4@example.org;boutique
07/06/2026;9798628440865;1;30.91;emma.david52@example.org;boutique
10/12/2025;9780785715627;1;30.64;arthur.simon79@example.org;magasin
03/08/2025;9780385094436;1;37.07;jules.simon12@example.org;en ligne
30/12/2025;9781538745748;2;38.41;theo.fournier9@example.org;MP
09/12/2025;9780697034342;3;20.31;ines.bertrand23@example.org;en ligne
14/04/2026;9780590411011;3;9.88;gabriel.bernard69@example.org;Magasin
09/04/2026;9780811806404;1;39.31;hugo.bernard85@example.org;boutique
19/08/2025;9783257208634;1;35.66;arthur.michel62@example.org;marketplace
27/04/2026;9781958943366;0;17.33;zoe.roux74@example.org;web
11/07/2025;9791000000959;1;28.28;lucas.simon11@example.org;STORE
08/09/2025;9786055943370;1;18.43;emma.bernard86@example.org;boutique
12/12/2025;9788374805568;2;38.09;lea.simon78@example.org;MP
29/04/2026;9781399633871;0;17.43;manon.moreau66@example.org;STORE
13/07/2025;9780205060450;1;10.41;hugo.bertrand40@example.org;MP
07/02/2026;9780590928861;1;31.05;zoe.david11@example.org;STORE
05/09/2025;9781561037629;3;26.6;camille.laurent49@example.org;boutique
11/01/2026;9781784878719;1;28.29;jade.simon47@example.org;place de marché
03/02/2026;9781335468437;2;9.18;lucas.bertrand34@example.org;web
14/11/2025;9786020332116;3;37.02;lea.morel86@example.org;STORE
28/08/2025;9780553539899;2;33.04;nathan.moreau10@example.org;web
17/09/2025;9781976087097;2;32.07;lea.martin93@example.org;magasin
22/12/2025;9780466208349;3;6.99;zoe.david43@example.org;site
29/07/2025;9780843934632;1;37.0;lea.dubois12@example.org;site
17/06/2026;9780061451652;1;29.88;jade.simon81@example.org;boutique
10/10/2025;9780521205542;0;25.93;louis.lefebvre37@example.org;magasin
17/03/2026;9780072466652;1;38.99;manon.dubois70@example.org;boutique
25/06/2026;9782702411933;1;11.12;ines.morel30@example.org;web
30/04/2026;9780550200686;1;22.44;theo.moreau55@example.org;STORE
01/11/2025;9788447333165;1;36.03;manon.laurent97@example.org;web
02/08/2025;9798450814261;1;30.45;gabriel.bernard87@example.org;Magasin
11/06/2026;9781588810403;1;31.81;lucas.bertrand88@example.org;magasin
11/12/2025;9789999589604;1;33.21;lucas.lefebvre39@example.org;Magasin
06/10/2025;9781850890362;1;6.01;lucas.michel60@example.org;Magasin
23/01/2026;9780030314810;2;20.94;emma.dubois95@example.org;Magasin
13/07/2025;9780330471138;1;15.71;emma.michel47@example.org;magasin
04/06/2026;9791000000299;1;25.49;louis.moreau13@example.org;magasin
15/09/2025;9780263122169;1;5.27;jade.dubois39@example.org;STORE
07/03/2026;9780007527564;2;19.82;louis.lefebvre86@example.org;magasin
24/08/2025;9780141309750;3;29.49;theo.dubois31@example.org;Magasin
30/01/2026;9780143566526;1;15.4;louis.simon81@example.org;en ligne
05/02/2026;9781568955575;1;9.08;theo.simon93@example.org;en ligne
04/09/2025;9781536681949;1;21.26;camille.lefebvre48@example.org;online
15/12/2025;9781958943366;1;35.36;ines.david61@example.org;STORE
22/04/2026;9781409413615;1;11.38;emma.simon81@example.org;boutique
09/05/2026;9780140281118;2;13.32;arthur.martin41@example.org;site
14/09/2025;9781847941480;1;23.23;zoe.roux94@example.org;STORE
16/01/2026;9781377100975;1;31.76;emma.simon8@example.org;Magasin
21/05/2026;9780756956691;1;33.7;arthur.leroy19@example.org;STORE
06/03/2026;9780307262196;1;23.49;chloe.roux78@example.org;marketplace
01/08/2025;9781119675655;2;23.03;theo.moreau49@example.org;Magasin
06/07/2025;9780079131195;1;9.6;camille.martin84@example.org;online
24/02/2026;9780736423298;3;9.73;jade.leroy21@example.org;Magasin
25/08/2025;9791000000619;1;14.27;zoe.laurent21@example.org;web
09/07/2025;9783442454181;1;16.06;arthur.simon19@example.org;STORE
09/01/2026;9780593105061;1;19.87;ines.michel23@example.org;en ligne
18/07/2025;9780613135818;1;24.52;jules.leroy8@example.org;web
04/08/2025;9780061244650;1;23.01;hugo.bernard97@example.org;STORE
21/12/2025;9789871144686;1;31.08;arthur.michel70@example.org;marketplace
25/05/2026;9780800712136;1;9.99;lea.fournier27@example.org;Magasin
11/11/2025;9780553350630;1;27.32;camille.martin83@example.org;boutique
22/07/2025;9781408998465;2;38.13;emma.leroy41@example.org;STORE
21/05/2026;9780356502410;1;22.56;theo.lefebvre4@example.org;Magasin
21/07/2025;9798618236188;1;11.89;arthur.martin45@example.org;magasin
05/01/2026;9781975618674;2;10.31;chloe.dubois69@example.org;magasin
15/05/2026;9780321793102;1;17.75;jade.dubois26@example.org;place de marché
09/10/2025;9780816150694;2;18.4;theo.lefebvre4@example.org;Magasin
30/05/2026;9780606283892;1;18.86;louis.bernard6@example.org;online
14/10/2025;9798618236188;2;30.54;theo.fournier89@example.org;web
03/12/2025;9783453186880;1;27.43;hugo.roux33@example.org;web
06/12/2025;9781538500484;1;10.9;ines.moreau64@example.org;Magasin
20/02/2026;9798627347820;1;10.35;arthur.lefebvre72@example.org;en ligne
07/06/2026;9780263758993;3;7.25;nathan.martin4@example.org;site
18/11/2025;9791000000549;1;20.26;louis.bernard7@example.org;en ligne
06/10/2025;9791000000969;1;35.53;lea.laurent54@example.org;magasin
18/07/2025;9791000000229;1;9.52;zoe.morel27@example.org;magasin
15/06/2026;9788074770814;1;37.46;arthur.dubois2@example.org;marketplace
29/10/2025;9789710843480;2;25.02;manon.laurent3@example.org;Magasin
20/06/2026;9781101138816;1;18.57;jade.martin5@example.org;Magasin
24/02/2026;9786073108409;1;4.97;jules.david9@example.org;STORE
03/03/2026;9781538745748;2;5.36;manon.fournier25@example.org;web
01/07/2025;978006095685X;1;24.44;gabriel.leroy90@example.org;online
25/07/2025;979821701436X;1;25.67;zoe.fournier61@example.org;web
07/01/2026;9789333394918;1;9.66;lucas.michel23@example.org;Magasin
25/12/2025;9780072957549;1;33.32;arthur.david70@example.org;Magasin
07/02/2026;9798701966169;1;35.82;ines.simon83@example.org;Magasin
03/04/2026;9783893400614;1;36.0;ines.leroy81@example.org;boutique
03/04/2026;9781504765145;2;10.14;emma.fournier27@example.org;Magasin
31/01/2026;9791000000029;1;22.25;jules.leroy14@example.org;magasin
08/04/2026;9781718104273;3;30.69;ines.lefebvre15@example.org;STORE
08/01/2026;9780821775370;3;23.02;jade.moreau74@example.org;en ligne
18/06/2026;9781433207938;0;12.49;zoe.dubois89@example.org;web
16/03/2026;9780140256352;1;9.61;lea.bertrand40@example.org;web
03/12/2025;9782075094450;1;27.09;chloe.martin3@example.org;site
15/10/2025;9783442353927;2;28.59;lea.laurent58@example.org;magasin
31/12/2025;9781593157135;1;29.2;theo.simon50@example.org;STORE
05/02/2026;9785553671754;1;21.44;jules.david63@example.org;magasin
27/12/2025;9780380813018;1;21.27;jade.morel69@example.org;magasin
27/04/2026;9780008653149;2;38.1;arthur.martin49@example.org;magasin
14/08/2025;9788427298293;1;7.76;hugo.bertrand92@example.org;place de marché
18/02/2026;9780460116947;2;13.04;arthur.martin42@example.org;MP
26/06/2026;9780393925340;1;26.23;nathan.martin88@example.org;boutique
11/06/2026;9780241753859;1;22.42;lea.leroy24@example.org;Magasin
16/04/2026;9781784878719;2;23.46;jules.laurent75@example.org;magasin
09/03/2026;9780658006340;3;14.89;louis.martin38@example.org;en ligne
17/06/2026;9781119621508;3;7.22;arthur.lefebvre32@example.org;magasin
31/05/2026;9791000000299;1;17.84;theo.dubois29@example.org;STORE
25/04/2026;9780140440577;1;29.77;nathan.bernard22@example.org;web
06/05/2026;9781442426757;1;22.06;gabriel.martin91@example.org;STORE
24/08/2025;9780894108815;1;14.37;gabriel.bernard9@example.org;site
06/06/2026;9780307704511;1;22.45;hugo.dubois16@example.org;magasin
19/04/2026;9780718188740;1;20.29;lucas.leroy34@example.org;Magasin
02/06/2026;9780007164943;1;8.6;jules.moreau26@example.org;boutique
25/06/2026;9798627347820;1;6.62;camille.bernard68@example.org;STORE
05/07/2025;9780967162461;2;9.35;hugo.fournier62@example.org;boutique
01/03/2026;9782376862185;1;8.01;jade.leroy82@example.org;magasin
04/09/2025;9780241269657;1;34.99;lea.lefebvre66@example.org;magasin
04/11/2025;9781408982884;2;34.23;lucas.moreau34@example.org;Magasin
07/02/2026;9780263808568;2;32.13;camille.moreau86@example.org;STORE
07/05/2026;9780007163243;2;31.0;emma.lefebvre79@example.org;Magasin
22/05/2026;9780618058952;1;22.95;arthur.morel10@example.org;online
30/01/2026;9781442421844;1;29.44;emma.morel83@example.org;magasin
18/01/2026;9781436253796;1;33.06;ines.laurent69@example.org;STORE
26/02/2026;9780671827038;1;31.31;emma.lefebvre44@example.org;marketplace
23/12/2025;9781402593833;1;26.85;manon.david35@example.org;en ligne
01/05/2026;9781442445987;1;37.31;ines.moreau73@example.org;web
04/12/2025;978147893377X;2;22.83;gabriel.laurent34@example.org;Magasin
05/10/2025;9780061002878;1;32.36;theo.moreau88@example.org;en ligne
10/04/2026;9789794130834;1;20.88;louis.bernard93@example.org;en ligne
14/10/2025;9789643114190;2;33.9;louis.david64@example.org;en ligne
05/03/2026;9781679583353;1;24.61;ines.dubois33@example.org;magasin
09/01/2026;9781408880715;1;18.42;lea.moreau33@example.org;Magasin
08/04/2026;9780697034342;2;22.59;gabriel.moreau35@example.org;magasin
18/05/2026;9780205060450;1;21.36;jade.simon16@example.org;marketplace
02/01/2026;9788440220677;2;6.43;lea.laurent14@example.org;STORE
19/08/2025;9791000000499;2;19.48;jules.david73@example.org;magasin
20/12/2025;9786055943370;2;14.56;hugo.moreau29@example.org;STORE
29/12/2025;9780749459116;1;5.31;ines.morel29@example.org;marketplace
13/01/2026;9780545541251;1;5.12;louis.bernard74@example.org;en ligne
02/09/2025;9798739934543;1;18.89;hugo.lefebvre79@example.org;web
21/10/2025;9780356232928;1;12.95;theo.michel75@example.org;online
27/10/2025;9780804168441;2;18.96;zoe.lefebvre20@example.org;Magasin
11/01/2026;9780553539899;1;14.12;arthur.michel68@example.org;en ligne
13/03/2026;9780786189694;1;34.17;chloe.simon19@example.org;magasin
23/06/2026;9780316479264;1;32.4;chloe.moreau41@example.org;en ligne
05/11/2025;9788440666826;1;12.67;arthur.martin88@example.org;boutique
03/08/2025;9780486243832;2;5.27;lucas.simon49@example.org;site
14/02/2026;9791000000339;1;19.98;lucas.moreau35@example.org;STORE
11/11/2025;9798790221941;1;12.26;chloe.fournier5@example.org;MP
26/10/2025;9780757910869;2;10.12;jules.laurent11@example.org;STORE
28/11/2025;9780263137958;2;14.36;louis.moreau53@example.org;STORE
04/08/2025;9787555027706;2;26.48;louis.laurent71@example.org;Magasin
24/09/2025;9780307394392;1;38.53;lea.bernard99@example.org;marketplace
30/09/2025;9781442006188;1;20.87;lucas.bertrand23@example.org;boutique
04/10/2025;9789507511288;2;16.02;louis.morel35@example.org;magasin
30/07/2025;9780141378480;1;6.21;emma.fournier17@example.org;boutique
05/01/2026;9780142413401;2;20.87;zoe.dubois91@example.org;site
21/09/2025;9781521105948;1;6.0;jade.dubois1@example.org;en ligne
08/03/2026;9783442457472;2;23.98;jade.leroy60@example.org;STORE
22/04/2026;9785237041484;2;18.84;manon.leroy53@example.org;web
13/03/2026;9780060291693;2;11.82;lucas.fournier39@example.org;magasin
28/01/2026;9780575085688;1;17.73;ines.lefebvre26@example.org;site
23/05/2026;9782221129289;1;35.13;emma.david39@example.org;Magasin
09/07/2025;9791000000249;1;20.04;arthur.michel60@example.org;Magasin
13/10/2025;9780030314810;1;38.47;hugo.dubois82@example.org;magasin
28/07/2025;9781470825553;1;18.18;gabriel.bernard77@example.org;STORE
20/03/2026;9780439982566;1;37.56;arthur.bernard46@example.org;STORE
17/03/2026;9780671458423;1;8.09;manon.martin4@example.org;boutique
07/01/2026;9784871877664;1;16.33;zoe.simon80@example.org;en ligne
27/07/2025;9780810918849;1;8.86;zoe.morel63@example.org;Magasin
19/07/2025;9780380976003;2;30.29;lea.dubois49@example.org;en ligne
11/02/2026;9780470104248;2;13.96;emma.morel26@example.org;site
19/11/2025;9780141378480;1;6.06;camille.dubois25@example.org;online
30/01/2026;9798855090437;2;9.87;manon.moreau1@example.org;magasin
20/07/2025;9780062225719;2;32.36;hugo.lefebvre22@example.org;Magasin
08/06/2026;9780821778555;2;16.63;lucas.fournier61@example.org;STORE
07/04/2026;9791000000119;3;30.77;ines.leroy20@example.org;STORE
03/11/2025;9781935682028;2;19.86;manon.simon66@example.org;en ligne
24/01/2026;9781548261887;3;15.13;manon.bernard19@example.org;boutique
21/10/2025;9791000000029;3;20.94;emma.bernard90@example.org;en ligne
21/01/2026;9780958854344;1;15.09;hugo.dubois80@example.org;Magasin
05/06/2026;9781442421844;2;37.28;jules.michel52@example.org;MP
28/02/2026;9780380813018;1;17.61;theo.moreau63@example.org;Magasin
19/01/2026;9789993957720;1;19.73;hugo.laurent32@example.org;place de marché
20/12/2025;9780590411011;1;25.51;lea.bernard11@example.org;site
05/07/2025;9780862201234;1;21.94;lea.morel90@example.org;web
02/07/2025;9780156724005;1;9.23;lucas.david88@example.org;place de marché
19/04/2026;9789024512799;1;36.11;ines.bernard5@example.org;magasin
11/05/2026;9783552044319;2;11.31;louis.michel63@example.org;marketplace
27/11/2025;9780394299877;2;7.04;theo.dubois9@example.org;Magasin
11/11/2025;9780618058952;1;29.28;nathan.lefebvre78@example.org;web
17/07/2025;978006024803X;2;28.04;arthur.morel58@example.org;en ligne
04/12/2025;9780394179933;1;33.34;gabriel.morel31@example.org;MP
16/10/2025;9788324592838;1;29.39;jules.bernard8@example.org;site
15/02/2026;9780060291693;1;7.1;ines.bertrand41@example.org;boutique
08/02/2026;9781439580721;1;27.31;theo.bertrand27@example.org;online
03/01/2026;9789022591932;1;16.72;jules.martin33@example.org;online
12/03/2026;9780030314810;1;18.57;ines.lefebvre18@example.org;STORE
28/06/2026;9798427336826;1;38.42;louis.martin22@example.org;en ligne
07/03/2026;9781984842305;0;9.75;emma.moreau66@example.org;Magasin
12/10/2025;9781405224031;1;5.86;camille.david47@example.org;place de marché
11/05/2026;9780062073747;1;8.2;chloe.moreau19@example.org;STORE
16/03/2026;9780793546534;1;35.99;chloe.michel99@example.org;site
29/04/2026;9789994910458;1;39.79;zoe.martin37@example.org;STORE
28/04/2026;9781177541923;3;6.72;gabriel.lefebvre78@example.org;boutique
29/04/2026;9781844135844;1;15.13;jules.fournier30@example.org;place de marché
08/11/2025;9780396080176;1;23.29;jules.moreau58@example.org;marketplace
06/02/2026;9789508700568;3;32.9;manon.leroy70@example.org;Magasin
24/05/2026;9781883217044;1;25.75;jules.lefebvre75@example.org;boutique
09/04/2026;9780140449532;2;34.78;jade.leroy93@example.org;STORE
01/06/2026;9780061762604;1;19.7;ines.david32@example.org;Magasin
05/09/2025;9791000000559;2;13.64;theo.david33@example.org;Magasin
04/02/2026;9780545541251;2;17.29;theo.laurent70@example.org;magasin
18/09/2025;9780330471138;1;37.67;hugo.bernard99@example.org;STORE
28/08/2025;9780156035156;1;8.8;zoe.leroy16@example.org;MP
20/11/2025;9780679728054;1;32.43;lucas.dubois50@example.org;web
06/11/2025;9780857550460;1;36.85;lea.bernard21@example.org;boutique
25/03/2026;9798479401305;1;11.37;lucas.martin44@example.org;Magasin
07/02/2026;9798454025748;2;31.97;jade.moreau22@example.org;web
05/03/2026;9781932796575;1;29.19;hugo.fournier85@example.org;online
20/02/2026;9781440673641;1;17.56;jules.martin58@example.org;boutique
29/12/2025;9780898796827;0;37.56;ines.michel96@example.org;magasin
23/02/2026;9780385094436;1;7.9;nathan.roux18@example.org;MP
09/04/2026;9789333394918;2;8.74;jules.morel82@example.org;STORE
01/04/2026;9780880881326;1;5.88;nathan.martin39@example.org;boutique
11/01/2026;9781101138816;1;34.58;lea.leroy47@example.org;site
01/12/2025;9781335468437;1;39.24;ines.dubois92@example.org;magasin
26/03/2026;9788423991235;1;8.04;nathan.bernard34@example.org;en ligne
02/09/2025;9781495096105;1;25.11;lea.moreau7@example.org;STORE
08/04/2026;9780380395606;1;34.92;theo.leroy85@example.org;STORE
23/01/2026;9780984358137;3;15.54;gabriel.bernard85@example.org;STORE
27/07/2025;9780449908587;1;38.09;camille.bernard62@example.org;magasin
01/01/2026;9780001604308;1;13.86;hugo.bernard43@example.org;boutique
18/04/2026;9780373706099;2;26.83;camille.lefebvre28@example.org;boutique
15/06/2026;9781975618674;1;18.94;manon.roux94@example.org;boutique
30/10/2025;9780833566980;1;26.21;jade.moreau68@example.org;STORE
24/01/2026;9791000000999;1;36.74;theo.laurent32@example.org;magasin
08/11/2025;9786073814423;1;4.55;nathan.michel76@example.org;web
19/06/2026;9783442424504;1;33.33;nathan.david32@example.org;web
27/10/2025;9781535540124;2;30.39;jade.dubois28@example.org;en ligne
21/04/2026;9781119251736;1;29.89;camille.michel14@example.org;MP
12/09/2025;9781857987386;2;32.31;lucas.simon53@example.org;Magasin
14/06/2026;9798625352550;1;11.63;emma.moreau50@example.org;en ligne
06/06/2026;9780241269657;3;13.09;arthur.laurent56@example.org;magasin
07/02/2026;9780030314810;1;32.16;jules.bertrand59@example.org;STORE
26/08/2025;9791000000039;1;14.53;louis.michel99@example.org;magasin
29/03/2026;9780849202476;1;16.81;hugo.lefebvre26@example.org;STORE
16/01/2026;9780571226856;1;12.31;emma.martin31@example.org;online
09/04/2026;9781975618674;1;9.62;manon.bertrand48@example.org;STORE
17/11/2025;9783893400614;1;32.8;jade.martin9@example.org;site
22/11/2025;9780671692650;2;31.32;louis.david64@example.org;magasin
11/07/2025;9783502551638;2;31.75;gabriel.roux44@example.org;magasin
04/10/2025;9781721284443;2;30.02;gabriel.laurent90@example.org;STORE
18/05/2026;9781108057875;1;38.51;lucas.bernard49@example.org;Magasin
03/11/2025;9780131105409;1;16.4;arthur.morel31@example.org;en ligne
06/02/2026;9791000000829;1;28.92;nathan.roux18@example.org;boutique
23/07/2025;9780241573754;1;23.44;lea.bernard88@example.org;Magasin
22/10/2025;9798669140557;1;17.63;jules.laurent2@example.org;online
21/11/2025;9780747557777;1;20.42;chloe.bernard44@example.org;boutique
17/08/2025;9780224617253;1;25.68;hugo.martin61@example.org;en ligne
02/06/2026;9780061734526;1;4.73;arthur.fournier28@example.org;Magasin
21/08/2025;9781588810403;1;12.62;manon.martin55@example.org;en ligne
17/02/2026;9789583004506;1;5.45;nathan.david74@example.org;marketplace
07/10/2025;9798628440865;2;12.79;jules.bertrand23@example.org;web
10/10/2025;9780750504355;1;6.67;zoe.moreau80@example.org;web
13/10/2025;9781942788768;1;35.66;theo.fournier88@example.org;Magasin
02/08/2025;9780007354733;3;21.27;camille.dubois48@example.org;magasin
16/06/2026;9781410498700;2;8.34;louis.moreau10@example.org;boutique
08/02/2026;9780141374239;1;10.38;ines.lefebvre21@example.org;boutique
03/02/2026;9798628440865;1;32.63;manon.simon34@example.org;place de marché
11/07/2025;9780049140172;1;17.79;zoe.bernard75@example.org;magasin
03/09/2025;9791000000249;1;30.59;nathan.leroy62@example.org;online
24/04/2026;9780140209723;2;9.29;louis.leroy30@example.org;marketplace
26/07/2025;9781417633845;2;23.75;lea.moreau69@example.org;magasin
02/04/2026;9780263108262;1;16.26;emma.fournier23@example.org;magasin
14/10/2025;9780061244650;2;12.31;lea.leroy19@example.org;Magasin
21/05/2026;9783608938296;1;31.41;zoe.dubois88@example.org;STORE
20/12/2025;9780241968154;1;4.91;camille.morel86@example.org;place de marché
16/07/2025;9786020332116;1;31.32;lea.bernard89@example.org;boutique
20/08/2025;9781435336667;2;23.58;lucas.martin81@example.org;magasin
28/12/2025;9789868856097;1;8.58;theo.morel38@example.org;en ligne
06/04/2026;9781408880715;1;28.15;arthur.laurent63@example.org;magasin
25/11/2025;9780263102734;1;6.0;jade.lefebvre6@example.org;Magasin
23/07/2025;9788417454432;1;27.94;hugo.michel45@example.org;STORE
22/03/2026;9798625352550;1;18.84;nathan.moreau53@example.org;boutique
19/03/2026;9781850890362;0;17.58;jules.simon40@example.org;web
09/01/2026;9780415478816;1;29.79;arthur.martin53@example.org;web
05/05/2026;9781982127794;1;20.78;lucas.morel3@example.org;boutique
01/08/2025;9780385142519;2;37.36;jade.laurent68@example.org;magasin
28/03/2026;9780747263463;1;26.65;manon.fournier83@example.org;web
28/02/2026;9780425104347;2;13.32;chloe.michel92@example.org;boutique
02/08/2025;9788420683324;1;9.98;lea.dubois90@example.org;Magasin
29/11/2025;9789333394918;1;24.73;theo.michel39@example.org;web
31/01/2026;9781322110233;2;17.54;gabriel.moreau14@example.org;STORE
06/11/2025;9782021011968;1;5.94;jade.laurent81@example.org;MP
08/01/2026;9780061734526;1;35.42;louis.michel30@example.org;STORE
15/06/2026;9780718188740;1;38.46;camille.david11@example.org;Magasin
27/01/2026;9788074770814;1;14.79;camille.morel29@example.org;magasin
11/04/2026;9781474029599;1;10.82;manon.simon93@example.org;boutique
22/06/2026;9781531888176;1;16.53;theo.david82@example.org;magasin
27/11/2025;9788828350453;1;12.15;lucas.moreau68@example.org;MP
28/06/2026;9780792483809;1;12.35;emma.morel14@example.org;magasin
04/05/2026;9781963349023;1;30.03;nathan.leroy7@example.org;boutique
16/08/2025;9781529152975;1;21.94;emma.michel83@example.org;STORE
21/07/2025;9791000000049;1;5.73;lea.bernard97@example.org;place de marché
12/03/2026;9782226479822;3;39.6;nathan.lefebvre65@example.org;online
26/03/2026;9791000000149;1;36.77;chloe.fournier4@example.org;site
19/12/2025;9780008115456;1;23.96;camille.moreau89@example.org;Magasin
23/05/2026;9781536457674;1;30.32;nathan.bertrand54@example.org;magasin
14/06/2026;9782207256343;1;26.08;lucas.dubois8@example.org;site
06/08/2025;9780061557064;1;23.12;theo.bernard70@example.org;STORE
20/01/2026;9789795533412;1;34.17;emma.morel53@example.org;boutique
19/09/2025;9791000000669;1;25.81;emma.bernard31@example.org;Magasin
20/12/2025;9780894108815;1;13.53;jules.bertrand96@example.org;STORE
01/04/2026;978281120345X;3;6.02;lucas.david3@example.org;STORE
19/01/2026;9780316501286;1;32.49;jules.leroy89@example.org;magasin
04/09/2025;9780263138382;2;5.14;jules.moreau8@example.org;boutique
20/01/2026;9791000000069;1;33.46;camille.michel20@example.org;Magasin
17/10/2025;9780804168441;3;31.67;manon.simon46@example.org;magasin
18/03/2026;9780593105061;1;24.75;arthur.david63@example.org;online
26/05/2026;9791000000269;1;11.96;manon.laurent96@example.org;site
03/12/2025;9791000000189;1;32.6;zoe.morel25@example.org;STORE
02/03/2026;9782221073841;1;23.98;emma.michel6@example.org;boutique
08/01/2026;9780525572923;2;6.39;lucas.lefebvre89@example.org;magasin
25/07/2025;9780786189694;1;24.48;lea.morel38@example.org;en ligne
09/07/2025;9780511783289;0;39.61;louis.michel97@example.org;Magasin
20/04/2026;9780061557064;1;32.13;theo.fournier71@example.org;online
25/03/2026;9798688109153;1;32.24;jade.david73@example.org;boutique
16/04/2026;9781101192740;1;31.84;theo.roux80@example.org;boutique
06/10/2025;9780547524009;1;32.12;hugo.laurent19@example.org;MP
13/04/2026;9791000000859;3;18.94;camille.leroy61@example.org;boutique
30/08/2025;9780451168283;2;38.92;camille.david57@example.org;boutique
06/12/2025;9788845212178;3;30.14;hugo.simon86@example.org;en ligne
24/03/2026;9780061542954;1;24.36;camille.fournier37@example.org;site
25/01/2026;9791000000099;1;39.25;gabriel.simon4@example.org;web
31/12/2025;9781481413770;1;19.87;manon.bernard71@example.org;Magasin
24/12/2025;9781335468437;1;37.19;chloe.martin72@example.org;Magasin
20/08/2025;9798515079307;2;35.73;chloe.morel68@example.org;en ligne
31/08/2025;9780072457445;2;32.01;jade.leroy20@example.org;boutique
07/12/2025;9780671255961;1;26.66;jules.fournier4@example.org;boutique
23/10/2025;9780575038479;1;34.67;gabriel.roux51@example.org;Magasin
29/07/2025;9780843929959;2;31.52;chloe.bernard11@example.org;boutique
19/12/2025;9780263753820;3;34.75;jules.bernard49@example.org;site
20/11/2025;9781467787789;1;25.97;ines.martin59@example.org;online
19/05/2026;9780060934514;1;25.12;zoe.david53@example.org;web
05/01/2026;9788492412402;1;14.06;arthur.lefebvre57@example.org;STORE
30/07/2025;9780511783289;3;35.84;jade.morel53@example.org;boutique
24/12/2025;9780878210329;1;7.76;arthur.bertrand81@example.org;Magasin
25/07/2025;9781400083039;1;37.51;lea.morel34@example.org;marketplace
26/03/2026;9780312856830;1;6.88;chloe.moreau26@example.org;Magasin
06/09/2025;9791000000799;3;17.17;louis.moreau45@example.org;Magasin
05/04/2026;9791000000519;1;4.88;louis.david14@example.org;magasin
01/07/2025;9780460116947;1;31.06;hugo.fournier66@example.org;en ligne
11/03/2026;9783608938296;1;16.71;nathan.moreau28@example.org;Magasin
07/06/2026;9781417701155;1;13.87;jules.bertrand22@example.org;STORE
19/01/2026;9788381352079;1;38.95;nathan.michel36@example.org;STORE
30/10/2025;9780263853087;1;13.35;nathan.michel61@example.org;place de marché
11/09/2025;9791000000289;1;32.5;louis.dubois10@example.org;magasin
24/05/2026;9781101137833;2;36.16;louis.bernard81@example.org;web
31/01/2026;9780061365515;1;16.54;arthur.morel94@example.org;Magasin
04/02/2026;9781737507710;2;35.47;hugo.bernard66@example.org;boutique
11/12/2025;9780373511648;1;12.6;zoe.bertrand3@example.org;Magasin
28/04/2026;9781481413770;2;19.68;nathan.lefebvre62@example.org;site
12/03/2026;9780307394392;3;22.85;emma.fournier2@example.org;STORE
09/01/2026;9780345913722;1;27.83;louis.dubois29@example.org;en ligne
20/09/2025;9798701966169;0;28.53;lucas.martin43@example.org;Magasin
17/06/2026;9780062225719;1;9.82;lea.leroy84@example.org;marketplace
19/04/2026;9789994714094;1;18.59;zoe.morel77@example.org;magasin
31/03/2026;9781547277322;1;12.83;theo.morel70@example.org;magasin
03/09/2025;9791000000149;3;34.62;jules.roux89@example.org;place de marché
04/04/2026;9780263778809;3;25.68;manon.leroy38@example.org;boutique
07/05/2026;9780590928861;2;26.08;lea.david11@example.org;STORE
17/05/2026;9781417701155;1;38.57;jules.bertrand84@example.org;Magasin
30/09/2025;9783898535526;2;18.72;jade.lefebvre26@example.org;boutique
12/05/2026;9780263853087;1;32.12;lea.bertrand81@example.org;Magasin
30/03/2026;9781594131523;1;9.81;gabriel.leroy64@example.org;boutique
05/09/2025;9781432899011;1;11.44;jules.morel83@example.org;en ligne
01/07/2025;9788445007037;1;28.65;hugo.simon7@example.org;en ligne
05/06/2026;9791000000179;2;31.25;jade.michel94@example.org;en ligne
18/04/2026;9780563524922;1;8.92;manon.leroy23@example.org;en ligne
15/11/2025;9780072457445;1;23.03;zoe.roux51@example.org;web
10/05/2026;9788381352079;1;13.23;emma.david69@example.org;STORE
22/10/2025;9781737507710;3;23.83;nathan.simon52@example.org;web
16/06/2026;9780063273986;3;11.11;ines.bertrand62@example.org;boutique
23/12/2025;9781726017640;1;24.87;jade.roux29@example.org;place de marché
29/03/2026;9780130853660;2;17.6;hugo.fournier65@example.org;magasin
17/01/2026;9781536681949;1;38.19;arthur.leroy34@example.org;Magasin
13/04/2026;9780131105409;1;15.84;arthur.morel88@example.org;MP
23/10/2025;9780062019813;1;26.74;nathan.david66@example.org;site
27/08/2025;9791000000379;1;21.64;jules.moreau67@example.org;place de marché
29/10/2025;9780091203207;2;7.54;lucas.moreau51@example.org;STORE
28/11/2025;9780856352737;1;33.8;chloe.bernard28@example.org;boutique
18/10/2025;9785171001605;1;30.27;nathan.moreau55@example.org;Magasin
24/07/2025;9782266208178;3;13.91;emma.bertrand83@example.org;site
14/08/2025;9783442249329;2;10.78;jade.roux68@example.org;magasin
26/03/2026;9798511718255;1;25.92;emma.morel62@example.org;site
05/09/2025;9783898535526;2;23.15;lucas.michel21@example.org;boutique
12/04/2026;9780061002823;3;31.97;gabriel.martin42@example.org;place de marché
16/02/2026;9780307284174;1;15.07;louis.dubois64@example.org;STORE
08/06/2026;9780356232928;1;16.52;gabriel.simon41@example.org;STORE
04/09/2025;9781305639614;3;36.73;lea.morel89@example.org;Magasin
14/07/2025;9780825616495;3;4.72;jules.martin20@example.org;MP
26/10/2025;9780307291813;1;12.72;hugo.dubois83@example.org;magasin
10/12/2025;9780375507250;1;15.97;arthur.martin67@example.org;web
03/02/2026;9780393963298;2;28.64;theo.laurent37@example.org;online
14/05/2026;9781417999729;1;22.19;hugo.michel58@example.org;Magasin
27/11/2025;9780747557777;1;30.94;emma.simon66@example.org;web
25/11/2025;9780061652264;3;6.96;chloe.morel23@example.org;place de marché
24/08/2025;9798671330687;1;34.11;emma.moreau78@example.org;boutique
27/05/2026;9780062019813;1;26.59;jules.michel95@example.org;site
24/03/2026;9798753137173;1;21.83;chloe.bertrand71@example.org;online
30/03/2026;9780671458423;2;18.8;lea.david59@example.org;boutique
27/12/2025;9781695322240;1;13.72;lucas.leroy81@example.org;en ligne
11/01/2026;9781119621508;2;37.85;ines.dubois80@example.org;magasin
08/06/2026;9781449486792;1;36.35;hugo.bertrand14@example.org;Magasin
02/10/2025;9785237041484;1;8.78;arthur.dubois9@example.org;Magasin
10/10/2025;9780843960044;2;30.28;louis.fournier4@example.org;en ligne
18/09/2025;9780007299805;3;36.7;chloe.bertrand53@example.org;boutique
04/02/2026;9798855090437;1;34.73;lea.david39@example.org;marketplace
12/09/2025;9780140281118;2;16.01;lucas.bertrand32@example.org;boutique
05/12/2025;9781668010303;1;21.81;zoe.bertrand96@example.org;Magasin
18/01/2026;9798990047709;1;5.19;ines.laurent33@example.org;Magasin
29/08/2025;9780134101477;2;25.87;zoe.martin24@example.org;web
21/09/2025;9788417992491;1;28.1;zoe.morel68@example.org;Magasin
18/10/2025;9780143566526;2;33.44;emma.roux72@example.org;web
15/07/2025;9781595583260;1;38.91;emma.morel47@example.org;Magasin
28/07/2025;9780821775370;1;5.83;jules.laurent98@example.org;online
17/06/2026;9791000000079;1;22.32;zoe.simon88@example.org;web
26/06/2026;9780267171989;1;22.71;louis.moreau82@example.org;online
21/07/2025;9798855127560;1;39.12;hugo.michel83@example.org;marketplace
20/04/2026;9789794130834;1;6.85;louis.moreau94@example.org;site
15/09/2025;9780747557777;1;32.08;lucas.david4@example.org;magasin
02/03/2026;9780345301451;1;30.52;chloe.martin79@example.org;boutique
22/04/2026;9781936719112;0;7.43;arthur.bernard78@example.org;marketplace
25/07/2025;9782843623103;1;9.87;chloe.dubois16@example.org;Magasin
04/06/2026;9789994714094;1;25.95;lea.bernard15@example.org;Magasin
05/09/2025;9791000000379;1;8.78;jules.lefebvre18@example.org;STORE
28/03/2026;9788440220677;1;13.3;chloe.martin38@example.org;web
20/12/2025;9780061857171;1;27.88;zoe.david86@example.org;STORE
23/08/2025;9780862201234;2;14.48;nathan.bernard37@example.org;site
15/06/2026;9780396080176;1;9.48;ines.fournier2@example.org;en ligne
15/09/2025;9781250242754;1;9.06;chloe.bertrand47@example.org;MP
03/08/2025;9780684131887;2;27.69;chloe.bertrand86@example.org;en ligne
21/06/2026;9780697034342;1;5.1;nathan.moreau59@example.org;magasin
06/10/2025;9780061744303;3;23.96;lucas.michel40@example.org;boutique
14/07/2025;9781529369526;3;35.94;emma.martin19@example.org;Magasin
02/02/2026;9783442454181;1;10.23;hugo.leroy64@example.org;MP
03/05/2026;9785553671754;1;29.95;lea.michel55@example.org;magasin
05/09/2025;9780060291693;2;23.3;nathan.simon41@example.org;STORE
20/09/2025;9780606011938;2;26.86;camille.moreau90@example.org;place de marché
17/07/2025;9781535540124;1;5.1;lucas.michel64@example.org;online
05/12/2025;9781910695821;1;20.18;lucas.simon37@example.org;Magasin
04/11/2025;9780072457445;1;8.27;manon.lefebvre56@example.org;site
11/04/2026;9780833566980;2;32.72;nathan.martin27@example.org;magasin
28/01/2026;9780061477416;1;20.41;manon.morel12@example.org;online
22/03/2026;9780263808568;1;22.8;lucas.lefebvre14@example.org;boutique
25/08/2025;9791000000999;1;6.65;lea.moreau66@example.org;magasin
22/08/2025;9780755334223;1;29.73;ines.bernard7@example.org;STORE
29/03/2026;9791000000789;1;15.13;jade.dubois15@example.org;boutique
16/04/2026;9781101138052;1;23.32;lucas.lefebvre55@example.org;Magasin
12/03/2026;9780241968154;1;24.37;ines.moreau86@example.org;boutique
19/09/2025;9780708313503;2;37.73;manon.fournier56@example.org;online
15/09/2025;9789584275097;1;6.77;hugo.fournier18@example.org;Magasin
30/07/2025;9781421809083;1;19.56;theo.simon81@example.org;magasin
29/08/2025;9781735056692;1;21.69;zoe.bernard33@example.org;site
01/06/2026;9780060826086;1;23.75;lea.fournier92@example.org;STORE
09/12/2025;9781535540124;1;29.55;ines.morel23@example.org;magasin
08/05/2026;9780263102734;1;25.37;arthur.michel78@example.org;Magasin
28/05/2026;9780849202476;1;25.4;nathan.fournier54@example.org;online
27/11/2025;9788494945786;1;18.02;nathan.dubois28@example.org;online
26/07/2025;9780945353874;1;13.92;hugo.fournier23@example.org;STORE
16/10/2025;9798671330687;1;22.74;theo.roux73@example.org;magasin
14/02/2026;9783453161818;1;29.69;manon.dubois56@example.org;place de marché
18/10/2025;9781512486162;1;20.81;louis.bernard12@example.org;Magasin
20/09/2025;9780070078727;1;5.47;manon.bernard70@example.org;magasin
16/06/2026;9783548362595;2;24.73;zoe.dubois15@example.org;magasin
12/07/2025;9780807275122;2;22.33;theo.david66@example.org;marketplace
06/08/2025;9791000000959;1;18.62;manon.laurent69@example.org;web
31/08/2025;9780263853087;3;35.77;hugo.roux57@example.org;STORE
06/07/2025;9788835161189;1;33.24;manon.leroy6@example.org;Magasin
28/02/2026;9780380976003;1;34.33;chloe.michel73@example.org;magasin
23/01/2026;9780263098839;2;28.15;louis.leroy64@example.org;STORE
04/05/2026;9780356502410;1;36.49;emma.lefebvre93@example.org;online
09/06/2026;9791000000549;2;28.03;jules.laurent6@example.org;STORE
30/08/2025;9781957635002;3;7.63;gabriel.bernard46@example.org;Magasin
09/04/2026;9781616960926;1;21.76;hugo.simon93@example.org;Magasin
21/02/2026;9780063429147;2;32.99;jade.dubois38@example.org;magasin
01/02/2026;9783548362595;1;34.06;jade.michel70@example.org;web
10/05/2026;9781886463172;1;20.54;theo.dubois9@example.org;online
14/04/2026;9783423262644;1;9.54;lucas.roux98@example.org;boutique
25/01/2026;9798625352550;1;8.93;hugo.laurent69@example.org;online
14/03/2026;9781850890362;1;35.66;emma.laurent51@example.org;Magasin
27/03/2026;9781841492391;1;6.91;camille.roux9@example.org;magasin
18/10/2025;9780825616518;1;36.22;hugo.simon85@example.org;boutique
13/10/2025;9780511783289;1;12.74;arthur.bertrand53@example.org;marketplace
05/11/2025;9780333675182;3;15.87;nathan.michel43@example.org;magasin
01/01/2026;9791000000309;3;31.07;arthur.dubois34@example.org;marketplace
05/02/2026;9780525537113;1;35.41;theo.laurent4@example.org;online
02/08/2025;9788418052637;2;21.64;lea.morel67@example.org;boutique
01/05/2026;9780307284174;1;23.85;jules.leroy70@example.org;site
22/02/2026;9780007354733;1;7.93;lea.lefebvre35@example.org;online
23/08/2025;9781883217044;1;16.06;louis.michel81@example.org;Magasin
06/04/2026;9798427336826;1;23.56;hugo.bertrand75@example.org;MP
08/04/2026;9781306337564;1;22.44;theo.bertrand12@example.org;en ligne
11/11/2025;9780307262196;2;6.25;nathan.roux18@example.org;boutique
17/06/2026;9780241753859;1;17.29;jade.bertrand6@example.org;STORE
28/02/2026;9789584275097;1;30.28;hugo.fournier77@example.org;Magasin
08/12/2025;9785170178285;1;29.61;emma.bernard66@example.org;STORE
03/05/2026;9780373110926;1;4.77;camille.roux84@example.org;STORE
30/11/2025;9788447333165;3;13.36;jules.laurent49@example.org;online
18/11/2025;9780679728054;3;35.0;gabriel.michel64@example.org;online
09/02/2026;9780060826086;1;33.53;theo.simon55@example.org;STORE
12/02/2026;9798475273906;1;5.53;zoe.morel40@example.org;STORE
07/10/2025;9783596035694;1;26.04;gabriel.dubois32@example.org;MP
24/01/2026;9781984842305;1;9.13;louis.morel54@example.org;STORE
28/07/2025;9781721284443;1;16.32;lucas.moreau7@example.org;site
11/06/2026;9780999174067;1;11.11;louis.dubois38@example.org;web
17/02/2026;9780316501286;3;21.43;arthur.laurent52@example.org;marketplace
10/05/2026;9780141309750;1;8.17;louis.laurent91@example.org;site
15/03/2026;9798479401305;3;23.38;jade.martin1@example.org;magasin
28/04/2026;9780517202753;0;21.53;arthur.leroy17@example.org;boutique
27/09/2025;9781536435078;1;37.84;zoe.morel2@example.org;en ligne
26/01/2026;9788074770814;1;10.31;gabriel.bernard19@example.org;magasin
28/07/2025;9780545541251;1;12.6;arthur.simon30@example.org;MP
28/04/2026;9780415478816;1;31.14;jules.lefebvre71@example.org;STORE
22/05/2026;9780470083734;1;13.87;louis.laurent17@example.org;marketplace
21/06/2026;9781433207938;1;15.98;manon.simon97@example.org;en ligne
12/06/2026;9791000000699;1;15.31;lucas.laurent84@example.org;Magasin
13/09/2025;9780062839701;1;35.65;nathan.dubois25@example.org;boutique
15/02/2026;9781847941831;2;26.26;arthur.david80@example.org;place de marché
13/08/2025;9789999589604;1;31.88;chloe.moreau86@example.org;en ligne
13/06/2026;9781476870748;1;10.51;chloe.fournier72@example.org;online
07/08/2025;9791000000209;1;29.78;jules.morel9@example.org;online
22/07/2025;9780754006329;1;26.99;jules.michel78@example.org;marketplace
06/04/2026;9780140138351;2;13.94;hugo.simon30@example.org;STORE
24/06/2026;9781883217044;1;8.18;lea.bertrand51@example.org;Magasin
24/11/2025;9788170554240;3;34.33;lucas.dubois36@example.org;STORE
09/06/2026;9791000000809;1;13.77;jules.fournier69@example.org;boutique
02/01/2026;9781958943366;1;25.84;chloe.lefebvre91@example.org;site
17/06/2026;9780679803072;2;32.84;ines.moreau83@example.org;magasin
19/02/2026;9791000000859;1;27.9;jade.morel80@example.org;Magasin
28/03/2026;9788170554240;2;35.82;jules.laurent41@example.org;MP
07/09/2025;9780151189786;1;14.21;zoe.david18@example.org;STORE
19/07/2025;9780684131887;1;30.3;jade.bertrand33@example.org;boutique
13/10/2025;9780373114108;1;12.51;zoe.dubois67@example.org;boutique
22/08/2025;9785882156922;3;39.38;arthur.martin51@example.org;boutique
17/04/2026;9780805035650;0;22.8;jules.bertrand74@example.org;place de marché
24/09/2025;9781544739366;1;33.39;camille.dubois30@example.org;marketplace
09/07/2025;9781591846918;1;18.16;gabriel.michel15@example.org;site
18/03/2026;9780606374224;1;28.27;arthur.bertrand50@example.org;marketplace
12/08/2025;9785171001605;1;17.69;lea.laurent8@example.org;boutique
26/11/2025;9791000000529;1;13.14;lea.roux66@example.org;site
19/11/2025;9780140139198;2;31.63;emma.moreau41@example.org;en ligne
28/04/2026;9781974932573;2;32.47;jules.martin26@example.org;magasin
23/01/2026;9791000000399;1;17.6;manon.simon96@example.org;Magasin
08/08/2025;9781631619854;1;28.89;gabriel.michel86@example.org;Magasin
17/08/2025;9789388144346;1;27.41;lucas.laurent12@example.org;magasin
24/10/2025;9780321793102;1;20.32;ines.bernard52@example.org;en ligne
26/02/2026;9780606309912;1;5.03;chloe.michel54@example.org;web
11/09/2025;9781481428149;1;24.59;jade.dubois50@example.org;Magasin
28/03/2026;9780373833740;1;24.25;nathan.lefebvre68@example.org;online
07/08/2025;9780263095760;1;32.92;gabriel.dubois47@example.org;online
18/04/2026;9781963349023;2;5.33;hugo.dubois3@example.org;site
25/06/2026;9780307932426;0;20.59;louis.michel2@example.org;STORE
10/04/2026;9780393925340;1;37.9;lucas.dubois10@example.org;MP
19/03/2026;9780307262196;3;8.67;arthur.lefebvre38@example.org;magasin
09/09/2025;9781421889276;1;25.82;lea.bernard70@example.org;web
08/05/2026;9780140209723;1;37.77;gabriel.laurent23@example.org;boutique
02/03/2026;9780593724309;1;7.14;jules.morel91@example.org;STORE
04/01/2026;9781421809083;3;8.23;lucas.david38@example.org;en ligne
24/07/2025;9798352831533;1;22.41;camille.fournier74@example.org;boutique
04/01/2026;9781976446184;2;29.64;camille.bertrand7@example.org;magasin
21/10/2025;9791000000499;2;16.61;manon.martin59@example.org;web
08/09/2025;9781709948305;2;21.14;louis.leroy21@example.org;STORE
21/11/2025;9780224008884;1;21.69;louis.dubois89@example.org;en ligne
01/11/2025;9780757910869;1;19.36;jade.leroy99@example.org;en ligne
03/08/2025;9780833566980;2;37.88;jules.bernard15@example.org;STORE
09/05/2026;9788191032406;2;35.86;nathan.fournier85@example.org;marketplace
04/02/2026;9781467787789;2;6.04;lucas.moreau57@example.org;magasin
08/09/2025;9798618236188;1;20.87;gabriel.roux41@example.org;site
05/03/2026;9785170912360;3;33.88;lea.leroy74@example.org;STORE
15/12/2025;978030747249X;1;33.2;emma.morel73@example.org;Magasin
11/04/2026;9781559348263;1;34.85;lucas.dubois77@example.org;STORE
27/02/2026;9781432622459;1;34.11;lea.roux93@example.org;boutique
12/10/2025;9780224617253;1;23.56;chloe.morel93@example.org;marketplace
18/12/2025;9780198118756;1;31.92;jade.moreau88@example.org;boutique
29/11/2025;9782207256343;3;32.24;lucas.lefebvre33@example.org;boutique
16/09/2025;9780155826083;1;18.86;manon.leroy56@example.org;magasin
15/02/2026;9781547236091;1;12.25;manon.laurent70@example.org;web
29/09/2025;9780525537113;2;18.04;theo.michel18@example.org;magasin
28/07/2025;9781433231933;2;37.32;jules.michel47@example.org;Magasin
28/12/2025;9781804990278;1;18.56;chloe.roux24@example.org;site
03/04/2026;9791000000619;1;31.6;nathan.martin64@example.org;STORE
07/06/2026;9780708883587;1;12.77;lea.bernard60@example.org;online
17/06/2026;9780878210329;1;33.01;zoe.david50@example.org;magasin
29/09/2025;9780470083734;1;18.88;lucas.moreau41@example.org;en ligne
12/08/2025;9781691553822;1;4.52;lea.david18@example.org;web
08/12/2025;9780816137152;2;24.53;jules.martin21@example.org;Magasin
24/06/2026;9791000000439;1;15.81;ines.moreau93@example.org;web
25/12/2025;9791000000919;2;28.8;manon.lefebvre82@example.org;place de marché
10/02/2026;9798377220947;1;34.05;nathan.morel57@example.org;boutique
23/02/2026;9781841593326;1;37.45;lucas.david4@example.org;web
03/08/2025;9780007493579;1;18.4;chloe.laurent99@example.org;site
23/04/2026;9780263119763;1;16.83;jules.moreau55@example.org;magasin
23/06/2026;9791000000979;2;6.78;theo.david79@example.org;magasin
31/05/2026;9780517082461;2;26.33;louis.leroy46@example.org;MP
02/11/2025;9791000000339;1;24.57;emma.martin47@example.org;online
31/07/2025;978281120345X;3;24.66;camille.david3@example.org;Magasin
07/04/2026;9780833566980;1;18.19;zoe.lefebvre34@example.org;magasin
01/11/2025;9798790221941;1;29.08;emma.bertrand28@example.org;web
25/11/2025;9781597223072;1;38.6;lucas.fournier29@example.org;magasin
09/03/2026;9780881039108;1;34.52;louis.simon42@example.org;magasin
21/05/2026;9781723208614;2;7.08;chloe.michel41@example.org;STORE
17/01/2026;9780671491758;1;20.76;manon.dubois75@example.org;magasin
04/06/2026;9791000000719;1;32.08;hugo.morel29@example.org;en ligne
18/08/2025;9781428640382;1;32.38;jules.david54@example.org;magasin
03/07/2025;9781491514931;2;23.65;gabriel.leroy33@example.org;boutique
29/08/2025;9781588810403;1;20.22;emma.roux1@example.org;STORE
19/12/2025;9791000000829;3;36.79;ines.morel73@example.org;online
16/04/2026;9783442245666;1;10.55;gabriel.laurent22@example.org;Magasin
01/11/2025;9780958854344;1;35.73;camille.bertrand19@example.org;Magasin
24/03/2026;9780718188740;1;20.85;zoe.martin89@example.org;boutique
13/02/2026;9780575073241;1;16.69;louis.moreau92@example.org;magasin
06/02/2026;9780373706099;3;8.0;louis.bernard46@example.org;magasin
08/03/2026;9788416029808;1;17.46;nathan.michel14@example.org;magasin
17/10/2025;9780671868376;1;23.98;lea.bertrand76@example.org;STORE
23/02/2026;9780860099697;3;10.43;nathan.michel72@example.org;magasin
21/12/2025;9791000000419;1;23.44;chloe.bernard71@example.org;online
18/09/2025;9781417633845;3;21.48;louis.morel66@example.org;en ligne
07/12/2025;9781737507710;1;7.9;emma.dubois93@example.org;Magasin
28/07/2025;9780345461629;1;26.27;emma.david30@example.org;boutique
18/09/2025;9780833566980;1;14.32;arthur.laurent84@example.org;web
26/03/2026;9780706968019;1;19.42;lucas.roux78@example.org;web
10/06/2026;9780060291693;2;30.51;emma.martin82@example.org;web
19/11/2025;9791000000619;2;9.78;emma.dubois92@example.org;MP
04/09/2025;9780307741172;2;13.13;chloe.martin98@example.org;boutique
30/01/2026;9780136054054;2;18.91;jade.moreau1@example.org;magasin
01/05/2026;9780736614016;3;20.07;zoe.simon51@example.org;magasin
23/10/2025;9780750504355;2;28.71;louis.roux12@example.org;online
17/06/2026;9781476870748;1;15.07;jules.fournier21@example.org;web
15/07/2025;9780345458889;1;38.67;manon.bernard80@example.org;Magasin
16/09/2025;9781093750065;1;35.25;nathan.michel63@example.org;magasin
04/01/2026;9780001604308;1;17.55;gabriel.fournier51@example.org;Magasin
21/07/2025;9798532977518;1;18.45;emma.bernard74@example.org;place de marché
02/01/2026;9780451622891;1;25.07;manon.laurent84@example.org;site
06/02/2026;9798627347820;3;28.74;chloe.bertrand29@example.org;Magasin
02/12/2025;9798739955418;1;10.42;chloe.dubois22@example.org;Magasin
30/08/2025;9781588810403;1;9.7;chloe.morel53@example.org;boutique
23/12/2025;9791000000659;1;29.12;manon.david20@example.org;marketplace
20/03/2026;9780393966435;2;5.89;arthur.roux88@example.org;site
25/01/2026;9780307815651;1;30.14;lea.david77@example.org;online
11/10/2025;9798897248889;1;12.98;emma.bertrand37@example.org;Magasin
04/10/2025;9791000000119;1;6.54;hugo.moreau32@example.org;MP
18/07/2025;9780061002823;1;7.25;lucas.fournier86@example.org;place de marché
15/07/2025;9781850180005;0;13.95;zoe.morel94@example.org;Magasin
15/04/2026;9780198118312;1;16.21;zoe.michel76@example.org;place de marché
15/11/2025;9780439451932;2;36.41;ines.moreau47@example.org;web
15/04/2026;9781440758089;0;14.09;jade.bertrand77@example.org;Magasin
02/08/2025;9780718033323;1;14.42;lea.dubois44@example.org;MP
01/04/2026;9781474029599;3;24.77;theo.leroy12@example.org;STORE
21/01/2026;9781250242754;1;32.34;lucas.roux49@example.org;Magasin
14/02/2026;9781775415190;1;37.16;camille.lefebvre36@example.org;boutique
28/04/2026;9780263119763;1;18.12;theo.martin86@example.org;STORE
25/04/2026;9780049140172;1;36.26;gabriel.fournier15@example.org;en ligne
06/12/2025;9782207256343;2;6.48;gabriel.moreau85@example.org;online
14/06/2026;9791000000279;1;23.41;nathan.lefebvre68@example.org;STORE
11/09/2025;9791000000569;1;17.54;zoe.bernard72@example.org;MP
16/10/2025;9798716103634;2;27.79;louis.michel65@example.org;Magasin
14/06/2026;9780679803072;2;22.13;nathan.lefebvre25@example.org;boutique
12/06/2026;9780263790429;1;19.05;ines.bertrand19@example.org;web
22/02/2026;9780486243832;1;19.72;ines.michel25@example.org;marketplace
27/08/2025;9781709948305;3;27.36;jules.morel81@example.org;STORE
10/02/2026;9791000000569;1;5.37;lucas.simon84@example.org;site
16/09/2025;9780263118124;2;10.81;emma.bernard40@example.org;boutique
05/06/2026;9785557099196;3;8.74;camille.roux39@example.org;boutique
20/06/2026;9788498723533;1;37.01;jade.leroy81@example.org;place de marché
23/09/2025;9791000000329;1;8.81;jade.roux45@example.org;STORE
23/03/2026;9780736423298;1;36.59;camille.roux83@example.org;web
20/05/2026;9781982127794;1;13.21;emma.bertrand48@example.org;STORE
03/06/2026;9780316479264;1;12.81;louis.dubois82@example.org;online
12/05/2026;9788448034580;2;25.86;louis.martin37@example.org;STORE
19/06/2026;9780671702427;2;32.17;hugo.morel46@example.org;web
02/02/2026;9780451118103;1;16.89;jules.lefebvre51@example.org;magasin
09/04/2026;9791000001019;1;22.61;jade.roux64@example.org;marketplace
20/09/2025;9780825616518;2;17.99;nathan.martin63@example.org;site
21/08/2025;9781976709135;1;38.21;hugo.leroy87@example.org;boutique
10/03/2026;9780380976003;2;26.81;manon.leroy34@example.org;online
14/12/2025;9780843960044;2;9.14;chloe.moreau89@example.org;boutique
21/09/2025;9791000000439;2;5.1;nathan.morel78@example.org;STORE
17/09/2025;9781476873626;1;28.23;emma.bertrand86@example.org;boutique
29/12/2025;9780765391162;1;10.98;ines.moreau48@example.org;magasin
02/11/2025;9780007354733;2;32.48;arthur.fournier32@example.org;marketplace
28/08/2025;9789711024154;1;18.55;arthur.laurent14@example.org;web
08/06/2026;9780786215133;1;24.28;theo.morel16@example.org;STORE
03/06/2026;9780064601375;1;18.14;jade.david8@example.org;STORE
26/10/2025;9798627159133;2;21.26;lucas.michel9@example.org;en ligne
01/03/2026;9780198118756;1;13.4;lea.morel23@example.org;site
05/02/2026;9780349440187;1;7.24;ines.simon55@example.org;STORE
09/06/2026;9780263098839;1;17.81;chloe.roux42@example.org;Magasin
31/12/2025;9780224617253;1;21.39;camille.morel18@example.org;magasin
08/02/2026;9791000001019;1;5.03;arthur.bernard18@example.org;magasin
07/08/2025;9791000000659;1;13.13;gabriel.roux52@example.org;Magasin
28/05/2026;9780856352737;1;24.55;arthur.moreau10@example.org;boutique
05/03/2026;9780736614016;1;25.81;louis.dubois57@example.org;Magasin
15/07/2025;9781521093443;3;29.12;arthur.david70@example.org;online
23/05/2026;9791000000609;1;26.84;theo.moreau15@example.org;magasin
12/01/2026;9781474055437;1;5.59;ines.dubois30@example.org;site
20/09/2025;9780800854539;1;16.96;camille.morel45@example.org;Magasin
17/11/2025;9798377220947;1;20.65;theo.lefebvre1@example.org;site
01/02/2026;9791000000939;1;18.51;theo.leroy86@example.org;Magasin
30/11/2025;9781559348263;1;20.43;theo.bernard54@example.org;boutique
25/12/2025;9780263138382;1;5.7;ines.martin3@example.org;Magasin
09/12/2025;978030747249X;1;11.55;jade.laurent73@example.org;Magasin
23/02/2026;9780425029459;1;35.75;lucas.dubois73@example.org;online
14/10/2025;9781250275042;1;25.51;camille.dubois48@example.org;STORE
28/03/2026;9781400083039;1;28.37;gabriel.laurent31@example.org;magasin
11/05/2026;9798990047709;3;26.48;ines.roux51@example.org;en ligne
28/01/2026;9780062111234;1;15.07;ines.morel34@example.org;MP
05/12/2025;9780224018616;1;7.08;theo.roux16@example.org;online
05/05/2026;9780593642009;1;26.0;manon.laurent75@example.org;Magasin
21/04/2026;9791000000039;1;19.01;camille.leroy98@example.org;boutique
25/07/2025;9789719201847;1;19.37;arthur.bertrand28@example.org;STORE
19/09/2025;9798454025748;3;39.82;zoe.dubois8@example.org;boutique
03/03/2026;9782702411933;1;16.07;lucas.moreau37@example.org;Magasin
27/02/2026;9780140256352;1;34.91;emma.martin32@example.org;magasin
20/11/2025;9781250030962;1;15.28;lea.dubois93@example.org;boutique
15/07/2025;9780593109069;2;35.46;nathan.dubois15@example.org;boutique
22/02/2026;9781629376363;2;35.1;jade.moreau43@example.org;en ligne
27/02/2026;9791000000889;1;37.77;lea.roux79@example.org;web
11/11/2025;9781957568225;1;15.06;manon.bertrand42@example.org;MP
13/08/2025;9780785740568;1;23.69;lucas.martin27@example.org;STORE
06/10/2025;9788374801171;1;37.52;emma.martin32@example.org;web
27/11/2025;9781495096105;1;11.86;nathan.martin39@example.org;boutique
23/04/2026;9781936719112;1;29.04;jade.morel70@example.org;site
30/05/2026;9780307262196;2;36.26;manon.michel97@example.org;magasin
31/05/2026;9780263130249;1;38.92;zoe.laurent9@example.org;Magasin
20/07/2025;9788427911758;1;15.78;emma.moreau69@example.org;STORE
22/09/2025;9780785752387;2;26.08;manon.michel51@example.org;MP
20/12/2025;9780415478816;2;37.15;louis.moreau26@example.org;boutique
17/09/2025;9781847941480;2;4.83;camille.dubois43@example.org;Magasin
25/08/2025;9781502784278;1;4.85;camille.moreau26@example.org;STORE
11/02/2026;9783550068751;2;8.85;gabriel.morel59@example.org;STORE
06/07/2025;9788447368990;2;9.53;arthur.roux79@example.org;MP
09/12/2025;9781535540124;2;6.51;manon.david48@example.org;web
27/09/2025;9791000000349;1;25.09;manon.fournier63@example.org;boutique
19/10/2025;9780263122169;2;38.16;emma.martin17@example.org;STORE
24/04/2026;9780061002823;2;39.88;camille.bernard59@example.org;boutique
04/06/2026;9788439707929;1;6.35;lucas.martin57@example.org;place de marché
10/11/2025;9780070078727;2;20.87;nathan.fournier61@example.org;Magasin
11/11/2025;9780373104420;1;32.35;louis.laurent7@example.org;Magasin
04/04/2026;9780553350630;1;37.09;emma.morel87@example.org;Magasin
21/12/2025;9788440672599;2;6.77;emma.simon77@example.org;site
26/04/2026;9783596035694;1;18.14;theo.bertrand33@example.org;web
06/03/2026;9781535540124;1;20.48;lea.morel24@example.org;marketplace
14/08/2025;9789508700568;1;20.71;jules.moreau90@example.org;STORE
10/04/2026;9781936719112;2;30.79;jules.david10@example.org;MP
06/03/2026;9780141378893;1;32.75;hugo.roux20@example.org;en ligne
14/05/2026;9780810997516;1;17.07;ines.bertrand98@example.org;magasin
27/09/2025;9780449200070;1;21.92;jade.bertrand33@example.org;boutique
18/02/2026;9781775415190;1;17.27;theo.dubois19@example.org;magasin
09/01/2026;9780141384641;1;33.21;jade.fournier25@example.org;boutique
01/07/2025;9781572707313;1;11.42;theo.laurent39@example.org;online
10/07/2025;9781780318578;1;22.86;ines.martin35@example.org;online
24/09/2025;9780062457806;2;26.23;jade.morel65@example.org;STORE
08/12/2025;9788448034580;2;20.37;manon.roux90@example.org;boutique
21/05/2026;9780062111234;1;38.05;ines.michel30@example.org;STORE
12/03/2026;9781441739001;1;10.54;lucas.roux20@example.org;magasin
21/01/2026;9780263782011;1;9.52;emma.martin84@example.org;STORE
19/09/2025;9785882156922;1;8.64;ines.fournier99@example.org;Magasin
16/09/2025;9788416906550;1;31.31;jade.moreau56@example.org;boutique
17/09/2025;9780823022748;1;33.76;theo.david98@example.org;boutique
10/01/2026;9781408999011;1;13.68;camille.david86@example.org;STORE
13/10/2025;9780316310420;1;27.68;jules.martin35@example.org;boutique
19/09/2025;9781448105618;2;7.46;emma.bernard23@example.org;site
29/11/2025;9780671827038;1;35.77;lucas.leroy20@example.org;Magasin
01/04/2026;9798438389804;0;15.05;camille.bernard98@example.org;magasin
12/11/2025;9789583004506;1;18.29;theo.morel18@example.org;magasin
15/01/2026;9780345461629;1;22.29;arthur.lefebvre82@example.org;Magasin
08/12/2025;9780393419610;1;30.58;jade.david52@example.org;STORE
21/01/2026;9780061895968;1;30.89;gabriel.bertrand17@example.org;marketplace
01/10/2025;9780263096347;1;29.81;gabriel.morel19@example.org;boutique
02/10/2025;9780898796827;1;6.76;theo.dubois79@example.org;STORE
27/08/2025;9780321793102;2;37.69;nathan.bernard61@example.org;Magasin
25/01/2026;9789993957720;1;39.08;manon.roux89@example.org;magasin
21/03/2026;978030747249X;1;30.53;camille.martin29@example.org;online
11/07/2025;9798669140557;1;10.45;camille.martin1@example.org;STORE
21/09/2025;9788835161189;1;23.76;chloe.fournier13@example.org;marketplace
24/07/2025;9780816150694;2;14.06;hugo.leroy91@example.org;magasin
10/04/2026;9780765314673;1;19.29;louis.david73@example.org;place de marché
16/02/2026;9780061944727;1;19.8;zoe.morel56@example.org;boutique
29/09/2025;9780373104383;1;35.99;jade.david27@example.org;web
25/01/2026;9791000000239;2;22.4;nathan.david70@example.org;online
18/02/2026;9786525917313;1;24.05;nathan.martin10@example.org;boutique
16/03/2026;9788498723533;1;36.36;emma.bernard87@example.org;boutique
04/10/2025;9780739370971;2;30.28;lea.leroy62@example.org;STORE
24/06/2026;9780241950265;1;36.21;arthur.michel13@example.org;site
19/05/2026;9788416029808;1;25.1;camille.david69@example.org;magasin
14/11/2025;9780321623539;2;26.49;zoe.roux57@example.org;online
15/03/2026;9781497303881;1;38.84;gabriel.roux69@example.org;boutique
01/12/2025;9781470825553;1;10.81;camille.bertrand94@example.org;boutique
09/01/2026;9789684196780;1;33.6;jade.morel22@example.org;en ligne
18/08/2025;9780061542954;1;11.73;louis.simon42@example.org;boutique
09/06/2026;9781101138052;1;4.82;zoe.bertrand39@example.org;web
08/05/2026;9780553539899;1;26.71;emma.morel80@example.org;Magasin
03/12/2025;9781591846918;2;24.82;jade.lefebvre3@example.org;magasin
01/05/2026;9780451168283;1;28.56;manon.leroy46@example.org;STORE
