DATE_VENTE,ISBN,QUANTITE,PRIX_UNITAIRE,EMAIL_CLIENT,CANAL
2025-09-25,9788191032406,1,13.07,lea.lefebvre38@example.org,site
2026-05-22,9780785740568,1,25.58,ines.david62@example.org,site
2026-04-03,9781935682028,1,19.61,louis.michel9@example.org,en ligne
2026-03-22,9780671255961,1,32.77,gabriel.lefebvre42@example.org,Magasin
2026-05-19,9780008305703,1,39.84,arthur.bernard98@example.org,magasin
2026-03-05,9788418052637,1,18.77,theo.dubois15@example.org,online
2025-12-28,9798791612762,1,37.75,hugo.bernard91@example.org,Magasin
2026-06-20,9786070793677,1,16.4,emma.dubois10@example.org,Magasin
2025-07-17,9780134101477,3,16.54,arthur.leroy95@example.org,Magasin
2025-09-04,9780655672241,1,11.8,hugo.bernard52@example.org,Magasin
2026-04-22,9780062073747,1,5.4,hugo.dubois25@example.org,web
2026-01-07,9788445073834,2,23.33,jade.david69@example.org,boutique
2026-06-12,9788427911758,1,4.76,ines.leroy85@example.org,place de marché
2026-02-27,9781544739366,1,11.17,jules.bernard54@example.org,STORE
2025-11-21,9780575042681,3,17.08,camille.lefebvre56@example.org,en ligne
2025-10-01,9791000000099,2,27.88,jade.bernard7@example.org,magasin
2025-12-06,9791000000539,1,14.82,hugo.roux2@example.org,magasin
2025-10-28,9786073814423,2,12.31,lucas.roux90@example.org,marketplace
2025-09-28,9780594091400,2,11.32,jules.morel16@example.org,marketplace
2026-01-27,9781428640382,1,37.22,emma.martin15@example.org,STORE
2026-06-21,9789794130834,1,5.48,nathan.bertrand95@example.org,place de marché
2025-08-28,9780441363957,1,35.47,chloe.david52@example.org,boutique
2025-07-26,9788423991235,3,16.33,lea.roux94@example.org,place de marché
2026-04-25,9781957568225,1,37.33,zoe.dubois35@example.org,en ligne
2025-08-01,9780804168441,1,19.79,emma.dubois44@example.org,STORE
2025-12-14,9791000000249,1,25.53,hugo.roux63@example.org,en ligne
2025-11-22,9780894108815,1,5.63,theo.dubois3@example.org,site
2026-05-26,9780521205542,1,25.37,emma.fournier85@example.org,web
2026-01-21,9781723208614,1,39.75,ines.fournier33@example.org,Magasin
2025-07-15,9780984358137,1,11.54,camille.roux44@example.org,Magasin
2026-04-23,9781441739001,1,7.67,hugo.martin94@example.org,boutique
2026-03-23,9780062273208,1,6.7,emma.bernard22@example.org,STORE
2026-06-08,9781250095275,0,39.1,nathan.dubois45@example.org,Magasin
2026-04-17,9791000000909,1,27.9,jules.simon26@example.org,en ligne
2026-03-06,9780198118312,1,13.98,theo.martin59@example.org,site
2025-12-13,9780393966435,1,24.07,camille.bertrand69@example.org,boutique
2026-03-13,9781591846918,1,27.93,zoe.morel40@example.org,magasin
2025-10-23,9780593642009,1,34.16,louis.michel59@example.org,STORE
2025-12-10,9783442353927,1,35.64,chloe.simon80@example.org,boutique
2026-01-07,9781177541923,1,38.9,lea.fournier42@example.org,magasin
2026-06-12,9780205176076,1,17.4,zoe.simon57@example.org,Magasin
2025-09-25,9781561037629,1,34.23,emma.laurent4@example.org,boutique
2026-01-06,9788440672599,2,4.8,zoe.lefebvre85@example.org,online
2025-07-29,9781071068403,1,24.63,arthur.lefebvre46@example.org,boutique
2025-12-01,9780805243550,1,5.62,jade.dubois18@example.org,en ligne
2025-12-01,9781850890362,2,29.04,zoe.fournier57@example.org,online
2026-04-05,9783442457472,1,38.42,jules.michel52@example.org,site
2025-12-28,9781976016301,1,37.22,manon.michel13@example.org,Magasin
2026-06-14,9780062111234,3,38.79,manon.lefebvre15@example.org,boutique
2026-05-20,9781119251736,3,8.31,arthur.bertrand8@example.org,Magasin
2026-05-05,9781559348263,2,22.56,manon.morel58@example.org,magasin
2025-09-09,9780999174067,1,6.92,lea.leroy82@example.org,site
2026-06-03,9780547524009,2,35.24,zoe.fournier8@example.org,magasin
2026-05-10,9781547277322,2,26.0,camille.martin54@example.org,magasin
2026-02-15,9780385142519,1,20.4,jade.michel93@example.org,web
2026-05-13,9780333675182,1,24.3,emma.michel84@example.org,boutique
2026-01-24,9781250790514,1,21.39,jules.moreau18@example.org,magasin
2026-01-08,9788074770814,2,26.16,manon.morel87@example.org,web
2025-11-10,9791000000829,2,20.58,camille.fournier73@example.org,Magasin
2025-07-26,9781568655611,1,38.59,arthur.martin26@example.org,web
2025-11-29,9780263102734,0,6.22,lea.moreau52@example.org,Magasin
2025-07-05,9780307491572,2,30.42,hugo.bernard91@example.org,boutique
2025-09-07,9780060826086,1,20.26,lea.roux87@example.org,web
2026-05-25,9780142423295,1,35.85,zoe.fournier2@example.org,en ligne
2026-02-10,9781476873626,2,32.53,zoe.david83@example.org,web
2025-08-27,9791000000309,1,17.62,theo.simon84@example.org,Magasin
2026-01-31,9781491514931,2,30.9,chloe.dubois97@example.org,boutique
2026-02-20,978281120345X,1,24.64,louis.laurent37@example.org,Magasin
2026-01-17,9780141309750,0,25.3,lea.bertrand18@example.org,web
2026-04-29,9780671827038,1,35.55,gabriel.fournier7@example.org,site
2025-07-09,9788427298293,1,14.82,jade.dubois10@example.org,en ligne
2025-07-15,9780757910869,1,9.98,jade.bernard43@example.org,en ligne
2025-11-03,9780373024209,1,5.63,arthur.lefebvre53@example.org,MP
2026-02-10,9780356521640,1,16.78,arthur.fournier71@example.org,Magasin
2026-05-28,9788491052371,1,23.36,ines.bernard77@example.org,web
2025-11-14,9791000000239,2,16.43,lucas.laurent21@example.org,boutique
2026-05-17,9781101192740,1,35.77,gabriel.bernard19@example.org,STORE
2026-03-20,9788835161189,3,26.76,louis.bernard7@example.org,STORE
2025-07-30,9780708883587,1,6.13,nathan.bernard36@example.org,web
2025-09-27,9780141038148,2,22.45,louis.roux31@example.org,site
2025-11-03,9780545541251,1,31.44,arthur.martin29@example.org,place de marché
2026-01-12,9788418052637,1,18.93,theo.laurent29@example.org,magasin
2026-01-09,9791000000249,1,11.74,zoe.fournier43@example.org,en ligne
2025-07-27,9780534359454,3,27.5,theo.morel18@example.org,Magasin
2026-06-27,9781737507710,1,22.59,lucas.leroy95@example.org,Magasin
2026-06-29,9780786918065,1,5.69,louis.morel98@example.org,magasin
2026-05-07,9783442424504,1,11.93,emma.martin78@example.org,Magasin
2026-06-29,978031212598X,1,24.72,gabriel.david50@example.org,Magasin
2026-02-10,9780810997516,1,12.59,lea.lefebvre32@example.org,boutique
2026-04-09,9786055943370,1,26.77,gabriel.fournier53@example.org,site
2026-03-20,9781101192740,1,30.13,ines.simon35@example.org,boutique
2026-02-03,9791000001019,1,26.06,hugo.lefebvre68@example.org,marketplace
2025-08-14,9791000000379,1,18.54,nathan.martin41@example.org,STORE
2025-09-05,9780785740568,1,25.26,lea.bertrand23@example.org,boutique
2025-11-19,9781653656752,2,8.08,lucas.david63@example.org,site
2025-11-28,9781250095275,2,14.29,nathan.fournier26@example.org,MP
2026-04-07,9780575073241,1,9.86,arthur.lefebvre4@example.org,magasin
2025-10-19,9781844135844,1,19.18,jules.bernard7@example.org,Magasin
2026-06-30,9781512157055,1,35.96,jade.morel67@example.org,Magasin
2025-07-10,9786070793677,1,5.17,nathan.david73@example.org,place de marché
2025-07-29,9781804990278,1,10.62,camille.bernard54@example.org,site
2025-10-06,9781119997559,1,28.66,jules.leroy86@example.org,marketplace
2025-09-20,9781847941480,1,36.17,emma.bernard76@example.org,web
2026-04-20,9781495096105,1,24.14,nathan.roux51@example.org,en ligne
2025-12-30,9782226479822,1,33.44,theo.bernard85@example.org,magasin
2026-03-10,9780606374224,1,9.41,gabriel.lefebvre24@example.org,boutique
2025-10-04,9782843623103,1,25.23,manon.michel91@example.org,online
2026-04-07,9780198118756,1,23.73,ines.moreau34@example.org,Magasin
2026-06-16,9783502551638,1,7.8,lucas.morel43@example.org,Magasin
2025-08-19,9780263096378,1,27.94,jules.david20@example.org,en ligne
2026-01-07,9781409413615,2,6.83,jules.roux97@example.org,online
2026-06-15,9780449024959,1,16.46,camille.bernard89@example.org,boutique
2025-12-23,9780300278576,1,18.78,emma.fournier24@example.org,Magasin
2026-02-25,9782018055524,1,20.47,hugo.morel67@example.org,Magasin
2025-12-26,9780071614146,3,27.43,camille.david4@example.org,boutique
2026-04-27,9780312856830,0,23.86,louis.david88@example.org,marketplace
2025-07-03,9791000000389,1,6.17,arthur.morel66@example.org,en ligne
2025-07-06,9780340874592,1,38.28,camille.laurent21@example.org,Magasin
2026-03-13,9781442006188,1,12.17,nathan.morel63@example.org,web
2025-07-01,9781491543382,1,17.33,manon.roux23@example.org,Magasin
2025-07-18,9781119675655,1,38.46,jade.morel30@example.org,boutique
2026-06-16,9786155514142,1,17.85,arthur.morel6@example.org,STORE
2026-05-13,9791000000949,3,37.65,gabriel.bertrand60@example.org,STORE
2026-06-02,9780451622891,1,39.5,nathan.lefebvre14@example.org,STORE
2025-08-10,9791000000839,1,20.71,jules.simon21@example.org,en ligne
2026-02-22,9791000000919,1,25.5,manon.fournier14@example.org,Magasin
2026-06-18,9780385094436,1,25.38,louis.martin88@example.org,STORE
2025-09-05,9780198118312,1,35.55,jules.laurent54@example.org,STORE
2025-08-21,9781483928197,1,37.65,lea.michel12@example.org,magasin
2025-11-17,9791000000949,1,18.67,ines.bertrand68@example.org,magasin
2026-05-26,9788408282952,1,36.14,hugo.leroy51@example.org,boutique
2025-09-08,9788408282952,1,29.28,chloe.bertrand85@example.org,site
2026-04-11,9781534438545,1,4.88,arthur.dubois9@example.org,boutique
2026-04-16,9780003303377,1,9.78,louis.moreau93@example.org,STORE
2026-02-17,9791000000149,2,16.54,jules.lefebvre2@example.org,magasin
2025-12-13,9781737507710,1,39.06,chloe.martin23@example.org,boutique
2026-01-07,9789189298323,2,6.12,chloe.bernard32@example.org,Magasin
2026-06-12,9781439116050,1,28.36,emma.bertrand5@example.org,Magasin
2026-06-18,9780593105061,1,35.91,ines.dubois9@example.org,web
2025-10-24,9781108057875,1,29.51,theo.laurent64@example.org,magasin
2025-11-09,9780613135818,2,27.51,lea.simon25@example.org,online
2026-01-03,9791000000789,1,24.96,zoe.lefebvre85@example.org,magasin
2025-08-06,9791000000159,0,20.92,theo.morel35@example.org,place de marché
2026-05-22,9798479401305,1,39.32,emma.michel42@example.org,web
2026-01-29,9791000000899,1,34.28,theo.laurent4@example.org,STORE
2026-01-31,9780230015760,2,10.62,louis.michel30@example.org,STORE
2025-09-09,9781419772955,1,35.93,arthur.bertrand46@example.org,Magasin
2026-03-07,9780786936137,1,37.83,hugo.bernard65@example.org,place de marché
2026-03-30,9781841593326,1,4.57,chloe.bertrand83@example.org,boutique
2026-03-28,9782724215908,1,29.02,camille.laurent8@example.org,en ligne
2026-06-04,9783734163357,1,14.22,louis.leroy67@example.org,STORE
2026-02-23,9780380813018,0,20.63,nathan.michel41@example.org,magasin
2025-08-11,9789953432540,1,30.33,louis.fournier52@example.org,marketplace
2026-05-31,9788439707929,1,5.11,chloe.simon98@example.org,en ligne
2026-02-20,9780263121407,1,20.07,jade.lefebvre99@example.org,STORE
2026-01-23,9780547524009,1,9.86,nathan.lefebvre34@example.org,web
2025-10-22,9791000000139,1,19.94,emma.fournier8@example.org,magasin
2026-03-26,9780349440187,3,14.17,hugo.fournier35@example.org,STORE
2025-10-13,9780805035650,1,26.73,lea.dubois19@example.org,magasin
2025-12-21,9781335468437,2,39.43,hugo.roux32@example.org,magasin
2025-10-31,9780449024959,1,36.44,ines.david67@example.org,web
2025-10-21,9780739370971,1,9.93,emma.bertrand5@example.org,Magasin
2025-12-18,9791000000659,2,29.11,lea.dubois72@example.org,STORE
2025-11-25,9780263778809,2,38.35,ines.simon53@example.org,magasin
2025-11-15,9781532913686,1,31.06,gabriel.fournier50@example.org,STORE
2026-03-19,9781974052264,1,11.73,jade.roux65@example.org,web
2025-12-24,9780345913722,1,11.43,nathan.morel86@example.org,online
2025-10-13,9780736628174,2,18.41,theo.moreau57@example.org,magasin
2026-01-19,9780263098839,1,13.77,camille.martin43@example.org,Magasin
2026-04-08,9780373024209,1,29.78,louis.lefebvre13@example.org,STORE
2025-11-11,9780241968154,2,28.19,arthur.leroy42@example.org,boutique
2025-09-28,9791000000239,1,21.43,nathan.lefebvre12@example.org,Magasin
2025-10-07,9780061097317,1,17.77,arthur.leroy20@example.org,online
2026-04-12,9781407034461,1,10.16,lea.laurent32@example.org,Magasin
2025-12-01,9781668010303,1,29.94,nathan.moreau6@example.org,online
2025-09-07,9781737507710,1,12.29,camille.roux3@example.org,boutique
2025-10-23,9789994910458,1,27.87,hugo.moreau36@example.org,site
2025-07-23,9780140256352,2,39.01,zoe.david38@example.org,boutique
2026-05-18,9781594131523,1,38.49,lucas.simon61@example.org,MP
2025-10-31,9780718188740,1,6.51,jade.fournier32@example.org,web
2026-02-04,9791000000079,1,6.18,manon.leroy72@example.org,Magasin
2026-02-12,9789684196780,1,26.37,jade.roux38@example.org,Magasin
2026-03-15,9798705893843,1,34.8,ines.simon44@example.org,magasin
2026-06-04,9781250879530,1,15.44,nathan.bernard44@example.org,site
2025-10-05,9780606404518,1,35.89,ines.moreau67@example.org,magasin
2025-12-27,9780747557777,1,16.33,lucas.simon30@example.org,STORE
2026-04-11,9780999174067,2,22.54,gabriel.fournier15@example.org,boutique
2026-04-19,9780241950265,3,32.35,lucas.david58@example.org,boutique
2025-12-04,9780970373908,1,18.13,ines.david17@example.org,STORE
2025-12-27,9780743486286,1,19.18,gabriel.morel64@example.org,magasin
2026-02-03,9791000000019,3,13.05,chloe.michel11@example.org,site
2025-12-27,9781955876162,1,24.9,hugo.fournier1@example.org,place de marché
2025-10-22,9781958943366,1,13.54,camille.lefebvre66@example.org,magasin
2025-08-10,9780356502410,1,28.36,jade.dubois78@example.org,Magasin
2025-07-19,9780241573754,1,23.89,nathan.michel87@example.org,place de marché
2026-03-03,9780671702427,1,20.63,camille.david25@example.org,Magasin
2025-09-02,9781975618674,1,10.52,nathan.moreau86@example.org,web
2026-06-22,9780060934514,1,33.69,hugo.moreau36@example.org,STORE
2025-08-11,9780840356451,1,21.86,jules.martin64@example.org,en ligne
2026-05-20,9791000000569,1,30.46,nathan.martin3@example.org,site
2026-05-28,9788804686521,1,25.48,manon.moreau81@example.org,online
2025-09-02,9789189298323,1,9.68,jules.simon69@example.org,marketplace
2025-08-31,9780373107148,1,10.09,theo.michel97@example.org,STORE
2026-05-29,9781417733675,1,27.33,gabriel.fournier3@example.org,boutique
2026-03-08,9781436253796,1,24.24,ines.bernard57@example.org,STORE
2025-09-27,9780007493579,1,37.16,gabriel.david61@example.org,place de marché
2025-08-26,9781512486162,1,32.9,zoe.michel9@example.org,boutique
2025-08-18,9788804507727,1,13.02,nathan.roux12@example.org,site
2026-04-13,9789715502016,1,12.87,camille.david18@example.org,place de marché
2025-09-02,9780785748663,1,12.8,chloe.bertrand73@example.org,magasin
2025-09-05,9781444833386,1,32.67,camille.david5@example.org,Magasin
2025-12-20,9780449024959,1,17.74,camille.roux44@example.org,site
2025-10-28,9780439451932,1,12.12,theo.leroy31@example.org,STORE
2025-07-12,9780843960044,2,17.27,gabriel.michel17@example.org,Magasin
2026-04-01,9780553350630,1,31.32,camille.leroy75@example.org,magasin
2025-11-16,9781857157246,1,29.36,gabriel.bernard97@example.org,online
2025-08-05,9781476878584,2,18.3,theo.simon44@example.org,web
2025-09-06,9791000000899,1,25.56,louis.leroy78@example.org,Magasin
2026-01-10,9782207256343,3,10.65,arthur.martin2@example.org,STORE
2026-01-02,9781466864580,2,32.26,zoe.lefebvre54@example.org,site
2025-11-18,9780792443483,3,30.12,nathan.dubois21@example.org,Magasin
2025-09-10,9780486243832,1,34.78,louis.bertrand18@example.org,Magasin
2025-08-25,9781424231355,1,37.87,camille.martin84@example.org,en ligne
2026-04-26,9780805243550,1,17.34,nathan.fournier40@example.org,web
2025-09-02,9780718033323,1,7.52,arthur.dubois96@example.org,web
2026-02-01,9780671692650,1,18.0,jade.lefebvre46@example.org,Magasin
2025-07-05,9780064601375,1,17.32,theo.roux86@example.org,web
2025-07-07,9780606011938,1,31.84,theo.fournier85@example.org,boutique
2025-08-03,9780811806404,1,8.96,emma.simon52@example.org,boutique
2025-08-05,9780230015760,2,8.96,arthur.david7@example.org,marketplace
2025-07-10,9780439451932,1,7.76,lea.fournier47@example.org,boutique
2026-03-16,9780718188740,1,20.46,emma.morel86@example.org,Magasin
2025-10-28,9781421809083,1,27.34,jade.bernard54@example.org,boutique
2026-05-02,9781984819574,1,29.92,lea.roux63@example.org,web
2026-02-07,9781804990278,2,4.95,ines.dubois87@example.org,Magasin
2026-02-06,9780756956691,2,38.87,jade.david86@example.org,online
2026-04-25,9788324592265,2,6.4,zoe.leroy50@example.org,boutique
2025-09-16,9781119997559,2,28.16,hugo.morel24@example.org,boutique
2026-03-19,9781408999233,2,35.02,camille.bertrand88@example.org,STORE
2025-07-21,9781958943366,1,29.78,zoe.bernard69@example.org,magasin
2025-10-27,9798990047709,1,8.1,arthur.michel30@example.org,marketplace
2026-05-15,9781574535587,1,28.52,theo.michel45@example.org,en ligne
2025-09-29,9782702411933,1,38.23,camille.laurent63@example.org,site
2026-01-04,9781521105948,1,28.8,manon.morel1@example.org,magasin
2026-03-17,9780375507250,1,31.43,chloe.dubois8@example.org,site
2025-10-08,9781440673641,1,22.43,nathan.david92@example.org,online
2026-01-13,9780606309912,3,26.85,chloe.simon49@example.org,online
2026-03-14,9781408999233,1,14.97,louis.bernard21@example.org,magasin
2026-01-30,9781101216347,1,32.75,camille.simon28@example.org,STORE
2026-03-05,9780486851921,1,32.28,lea.morel39@example.org,site
2025-08-17,9780393963298,2,22.91,theo.leroy17@example.org,Magasin
2025-07-09,9780373706099,1,14.43,camille.lefebvre93@example.org,magasin
2026-04-21,9798479401305,1,36.28,manon.fournier33@example.org,boutique
2026-03-21,9781433207938,1,30.83,emma.laurent94@example.org,web
2025-10-22,9780394179933,1,14.62,louis.fournier82@example.org,boutique
2025-08-03,9780881039108,1,28.94,hugo.michel15@example.org,boutique
2025-11-14,9780843934632,1,18.52,lea.lefebvre95@example.org,en ligne
2025-08-15,9787555027706,3,7.85,emma.fournier2@example.org,boutique
2025-08-02,9788418550928,1,36.6,jade.david16@example.org,site
2025-08-04,9789388144346,2,5.36,arthur.lefebvre30@example.org,Magasin
2025-12-10,9780679729525,1,23.74,jules.simon50@example.org,magasin
2025-09-18,9781665141253,1,19.12,camille.morel41@example.org,magasin
2026-04-08,9780849202476,1,21.27,jules.simon85@example.org,online
2025-07-20,9781936719112,1,14.87,jules.laurent68@example.org,Magasin
2026-01-02,9780736423298,1,37.97,lea.morel40@example.org,marketplace
2026-03-11,9781963349023,1,11.33,jules.morel7@example.org,boutique
2026-06-22,9780060934514,3,14.07,lea.martin57@example.org,STORE
2026-02-08,9780345913722,1,10.07,zoe.david52@example.org,magasin
2025-10-23,9791000000329,1,36.47,hugo.simon51@example.org,web
2025-11-21,9781440758089,3,34.16,theo.simon59@example.org,magasin
2025-08-11,9798855127560,1,13.97,zoe.moreau16@example.org,marketplace
2026-01-07,9780030314810,1,6.25,camille.fournier74@example.org,boutique
2026-06-30,9798532977518,1,5.6,arthur.moreau60@example.org,marketplace
2025-07-25,9780470083734,2,22.26,zoe.michel63@example.org,web
2026-01-21,9781593976064,1,18.37,arthur.bertrand42@example.org,magasin
2025-12-17,9781448105618,1,33.84,camille.bertrand59@example.org,Magasin
2026-01-18,9791000000359,2,30.14,arthur.dubois79@example.org,STORE
2026-04-07,9789000338658,1,11.73,jade.laurent50@example.org,magasin
2025-11-24,9789333394918,1,9.26,jules.simon44@example.org,boutique
2026-05-20,9791000000239,1,8.55,jules.fournier91@example.org,boutique
2025-12-11,9782702400500,1,26.59,hugo.roux13@example.org,online
2026-05-26,9783548362595,3,35.91,gabriel.dubois2@example.org,boutique
2026-05-02,9789710843480,1,27.09,manon.martin57@example.org,site
2026-05-05,9781559348263,2,22.56,manon.morel58@example.org,magasin
2026-05-14,9780141378893,3,14.06,gabriel.moreau26@example.org,online
2025-10-07,9791020900593,1,25.68,theo.laurent93@example.org,magasin
2025-09-14,9780316479264,2,24.06,louis.dubois31@example.org,MP
2026-02-17,9781436223881,1,27.83,jade.bertrand86@example.org,Magasin
2025-10-09,9781850890362,2,39.05,zoe.simon6@example.org,en ligne
2025-12-03,9781538739723,1,31.94,lucas.simon58@example.org,en ligne
2025-11-21,9781432899011,1,37.8,lea.dubois97@example.org,boutique
2025-07-05,9788834706107,1,14.83,manon.morel32@example.org,magasin
2026-05-02,9780263053043,1,10.99,lucas.fournier60@example.org,magasin
2025-09-19,9780679728054,1,16.61,nathan.morel89@example.org,web
2025-08-27,9780739371077,3,9.64,zoe.morel27@example.org,magasin
2025-08-03,9780312472849,1,38.44,camille.martin93@example.org,online
2026-05-01,9780049140172,3,7.2,jade.simon28@example.org,magasin
2026-04-19,9798701966169,1,34.32,camille.leroy76@example.org,Magasin
2026-02-02,9791000000809,1,12.18,gabriel.fournier2@example.org,Magasin
2025-09-10,9780879015497,1,7.66,jules.bertrand86@example.org,STORE
2026-01-01,9781089496199,2,32.5,arthur.michel63@example.org,online
2026-04-26,9780792443483,1,12.25,jules.roux84@example.org,magasin
2025-12-10,9798475273906,2,36.15,gabriel.simon59@example.org,marketplace
2025-08-23,9780393925340,2,19.61,zoe.michel18@example.org,en ligne
2026-05-20,9780785740568,1,15.96,manon.michel25@example.org,Magasin
2026-05-12,9781473888357,1,13.21,nathan.bertrand10@example.org,boutique
2025-09-26,9780375507250,1,30.94,nathan.martin13@example.org,en ligne
2026-01-04,9780862201234,1,30.2,chloe.morel88@example.org,online
2026-06-08,9781250095275,0,39.1,nathan.dubois45@example.org,Magasin
2026-03-15,9783550068751,1,22.82,camille.simon79@example.org,STORE
2025-08-04,9780765314673,1,8.77,chloe.fournier41@example.org,magasin
2026-03-24,9780373104383,1,35.3,jade.moreau22@example.org,boutique
2025-10-04,9780671868376,2,4.92,lucas.michel87@example.org,web
2025-07-26,978147893377X,1,11.26,jules.morel63@example.org,online
2026-05-14,9780241753859,2,31.47,chloe.laurent75@example.org,en ligne
2025-09-10,9781512486162,1,12.25,chloe.morel77@example.org,STORE
2026-01-22,9791000000119,1,9.12,zoe.dubois82@example.org,place de marché
2026-04-19,9781713532125,1,19.34,arthur.moreau68@example.org,en ligne
2025-07-30,9781974343539,2,14.69,jules.simon71@example.org,place de marché
2025-11-24,9780517202753,1,5.31,hugo.leroy11@example.org,online
2026-03-12,9780807275122,1,25.0,manon.dubois33@example.org,Magasin
2026-06-19,9780860099697,1,29.44,nathan.roux53@example.org,online
2026-03-26,9780451493835,2,6.43,emma.moreau97@example.org,site
2025-09-15,9783499174766,1,37.37,jade.martin7@example.org,Magasin
2026-06-21,9780575085688,1,6.53,ines.leroy2@example.org,STORE
2025-08-24,9780393656435,2,30.95,nathan.bernard45@example.org,STORE
2026-06-17,9780070078727,1,29.17,lea.fournier32@example.org,magasin
2026-01-02,9780894108815,1,28.68,lucas.laurent96@example.org,magasin
2025-08-07,9781847941831,1,7.47,louis.bernard45@example.org,web
2025-08-10,9789799831750,0,29.72,gabriel.martin7@example.org,web
2025-07-20,9781250819369,1,25.5,theo.laurent23@example.org,boutique
2025-10-10,9781434267276,1,16.96,hugo.michel74@example.org,en ligne
2025-11-10,9788170554240,1,22.04,theo.bertrand75@example.org,marketplace
2025-08-31,9781478312932,1,27.07,emma.bertrand70@example.org,en ligne
2025-08-29,9781561005987,1,19.29,arthur.martin44@example.org,boutique
2025-07-20,9788934977841,1,37.02,zoe.lefebvre20@example.org,Magasin
2026-01-02,9791000000159,1,23.67,ines.roux76@example.org,magasin
2026-06-24,9781594634956,2,20.26,louis.fournier38@example.org,en ligne
2026-02-17,9780030314810,1,26.03,arthur.laurent96@example.org,online
2025-08-20,9791000000569,1,18.52,nathan.moreau1@example.org,online
2025-11-19,9780263853087,1,6.83,ines.leroy83@example.org,Magasin
2026-05-30,9786051719092,1,5.42,lea.dubois32@example.org,web
2025-11-03,9791000000419,1,12.02,jules.fournier10@example.org,web
2025-07-27,9786155514142,1,14.48,camille.moreau24@example.org,boutique
2026-01-08,9780833566980,1,18.74,ines.moreau73@example.org,boutique
2026-05-08,9781436223881,1,32.42,gabriel.laurent83@example.org,online
2025-12-11,9780593724309,1,22.97,jade.laurent31@example.org,boutique
2026-01-14,9780394179933,2,31.94,manon.michel43@example.org,place de marché
2025-07-15,9781974343539,1,13.38,nathan.moreau11@example.org,magasin
2026-04-12,9780736614016,1,14.43,manon.martin17@example.org,Magasin
2026-02-28,9781974052264,0,30.81,lucas.dubois98@example.org,boutique
2026-03-26,9780313207693,1,37.3,hugo.morel76@example.org,STORE
2025-09-03,9783453161818,1,35.18,louis.lefebvre31@example.org,web
2026-03-01,9798893310856,1,18.82,ines.bertrand1@example.org,boutique
2025-10-10,9781976087097,1,19.2,lucas.moreau68@example.org,web
2026-04-26,9791000000989,1,36.73,ines.dubois82@example.org,Magasin
2025-11-15,9782018055524,3,20.14,zoe.fournier16@example.org,Magasin
2026-01-11,9780007164943,2,28.38,jules.dubois51@example.org,online
2025-10-13,9781405617093,2,18.81,camille.laurent99@example.org,magasin
2026-02-23,9788308048948,3,36.91,nathan.fournier74@example.org,MP
2025-10-16,9780470104248,1,19.9,zoe.martin11@example.org,en ligne
2025-09-16,9780451118103,1,38.93,gabriel.lefebvre77@example.org,web
2026-05-15,978006024803X,1,5.35,louis.morel61@example.org,magasin
2026-03-26,9780833566980,1,36.47,louis.roux81@example.org,STORE
2026-06-18,9781984842305,3,16.91,jade.roux14@example.org,site
2025-09-17,9780330471138,1,11.21,lucas.simon56@example.org,Magasin
2025-07-26,9780140209723,1,31.71,jules.leroy44@example.org,boutique
2025-10-05,9780793546534,1,29.62,lea.david84@example.org,Magasin
2025-12-03,9789020554113,1,10.22,ines.martin10@example.org,site
2026-06-22,9780205060450,1,26.05,lea.david21@example.org,Magasin
2025-09-08,9781071068403,1,35.07,emma.moreau38@example.org,boutique
2026-02-26,9780393091809,1,17.51,lea.leroy34@example.org,Magasin
2025-10-21,9780800854539,1,8.65,lucas.bernard85@example.org,site
2025-12-11,9791000000579,1,10.15,zoe.bertrand14@example.org,magasin
2026-05-07,9780380395606,1,36.2,jade.simon98@example.org,online
2025-08-14,9780373511648,1,27.28,jules.fournier62@example.org,Magasin
2026-03-18,9781417701155,1,24.51,zoe.bertrand33@example.org,magasin
2026-03-21,9780756992248,0,36.89,lucas.moreau53@example.org,web
2025-11-19,9780131105409,1,20.6,chloe.david97@example.org,web
2025-07-14,9781590073995,1,20.54,emma.martin3@example.org,web
2026-01-09,9781536681949,2,34.17,jade.moreau81@example.org,Magasin
2026-03-01,9780736614016,1,36.86,gabriel.michel42@example.org,STORE
2026-02-23,9780671827038,2,35.67,nathan.bernard67@example.org,site
2026-01-12,9798990047709,1,13.12,chloe.lefebvre30@example.org,web
2026-01-17,9781718104273,2,24.14,theo.bertrand72@example.org,en ligne
2026-05-11,9780241269657,1,27.39,camille.roux39@example.org,online
2025-11-02,9780263137958,1,11.68,arthur.moreau51@example.org,web
2026-03-17,9781547236091,1,27.47,emma.moreau15@example.org,STORE
2026-05-29,9781665141253,1,18.93,emma.bertrand49@example.org,Magasin
2025-07-18,9781605090962,1,25.94,ines.bernard39@example.org,site
2025-09-06,9780575038479,3,18.37,gabriel.moreau17@example.org,en ligne
2026-06-19,9780263757538,1,14.55,gabriel.laurent53@example.org,magasin
2025-07-08,9780061557064,1,10.18,gabriel.bernard60@example.org,MP
2025-08-29,9781561005987,1,19.29,arthur.martin44@example.org,boutique
2025-10-28,9781408982884,1,34.26,gabriel.morel34@example.org,boutique
2025-09-20,9781471198144,1,18.17,arthur.fournier40@example.org,place de marché
2025-11-30,9789132428876,1,33.22,zoe.dubois36@example.org,STORE
2025-12-02,9781408999011,1,13.65,manon.morel19@example.org,boutique
2026-02-24,9782376862185,1,20.48,lucas.martin29@example.org,magasin
2025-10-14,9798450814261,3,6.49,jules.david64@example.org,magasin
2026-02-24,9782376862185,1,20.48,lucas.martin29@example.org,magasin
2025-08-03,9780312472849,1,38.44,camille.martin93@example.org,online
2026-02-19,9781335468437,1,21.22,ines.lefebvre85@example.org,Magasin
2025-11-25,9780143469131,1,19.51,jade.bertrand23@example.org,site
2025-10-18,9798585573934,1,8.02,hugo.bernard10@example.org,marketplace
2025-07-09,9780856352737,1,38.9,manon.laurent74@example.org,MP
2025-08-20,9798669140557,1,24.5,camille.morel43@example.org,Magasin
2025-09-07,9781409095484,1,37.03,zoe.bernard65@example.org,STORE
2026-05-19,9780141038148,1,34.1,gabriel.roux67@example.org,site
2025-07-14,9780800854539,2,7.53,lucas.simon68@example.org,Magasin
2026-02-10,9781177541923,1,10.7,camille.martin89@example.org,boutique
2026-02-10,9780708313503,1,15.18,jade.martin25@example.org,magasin
2026-04-02,9780061557064,1,17.12,lucas.bernard75@example.org,Magasin
2026-06-30,9780330471138,2,21.18,louis.leroy93@example.org,magasin
2026-06-30,9780553350630,1,19.11,theo.fournier78@example.org,en ligne
2026-06-09,9780755334223,1,8.61,emma.david89@example.org,site
2025-11-23,9788429776317,2,14.26,manon.lefebvre81@example.org,boutique
2026-05-10,9780967162461,1,35.41,arthur.dubois56@example.org,boutique
2026-02-18,9780241430903,1,11.14,lea.morel81@example.org,en ligne
2026-03-03,9780750504355,1,38.17,theo.lefebvre77@example.org,web
2025-11-15,9780263118124,1,35.75,camille.morel99@example.org,Magasin
2025-08-22,9786070793677,1,8.39,manon.leroy22@example.org,place de marché
2025-07-06,9782266138826,2,19.84,arthur.roux29@example.org,web
2025-08-13,9780708883587,2,25.06,hugo.david19@example.org,site
2025-10-13,9781534487673,3,27.59,hugo.laurent87@example.org,magasin
2026-01-14,9798855127560,2,35.25,manon.bernard30@example.org,en ligne
2025-09-10,9788447333165,3,6.09,manon.david70@example.org,magasin
2025-11-11,9782265077249,2,24.46,chloe.dubois22@example.org,magasin
2025-08-15,9798377220947,2,22.84,louis.moreau62@example.org,web
2025-12-03,979821701436X,2,7.49,manon.leroy19@example.org,web
2026-06-04,9780590113076,1,7.58,hugo.michel26@example.org,boutique
2025-09-19,9780140139198,2,33.34,louis.michel85@example.org,Magasin
2025-11-18,9780256234787,1,38.13,chloe.moreau39@example.org,magasin
2026-05-19,9782265077249,2,13.76,zoe.dubois91@example.org,Magasin
2026-01-18,9781433207938,1,20.89,theo.martin51@example.org,boutique
2026-05-01,9780805013344,1,21.86,louis.leroy50@example.org,Magasin
2026-06-16,9781521093443,1,17.28,jules.fournier91@example.org,Magasin
2025-08-05,9780756956691,2,24.63,manon.martin74@example.org,Magasin
2025-12-15,9791000001019,3,8.37,gabriel.lefebvre39@example.org,magasin
2025-10-25,9791000000769,1,33.55,louis.simon48@example.org,online
2025-11-22,9781529369526,2,6.7,ines.laurent88@example.org,marketplace
2026-06-18,9781591847816,1,39.03,arthur.david99@example.org,magasin
2026-05-26,9780812540116,1,20.39,camille.laurent50@example.org,online
2026-06-16,9798561631788,1,7.0,gabriel.bernard28@example.org,online
2026-04-02,9789333394918,3,18.21,lucas.bernard80@example.org,MP
2025-07-17,9780843960044,2,14.16,louis.fournier7@example.org,STORE
2026-06-14,9798987380420,1,29.69,lucas.leroy91@example.org,en ligne
2025-09-13,9780860099697,1,30.06,jade.morel20@example.org,STORE
2026-03-31,9791000000719,1,10.98,camille.lefebvre85@example.org,web
2025-07-24,9781841492391,2,32.49,ines.lefebvre61@example.org,place de marché
2025-10-24,9781804990278,1,35.38,theo.lefebvre75@example.org,place de marché
2026-04-12,9780755334223,3,30.37,louis.bertrand42@example.org,boutique
2026-05-29,9791000000529,1,11.39,nathan.martin3@example.org,STORE
2026-02-25,9781539145943,2,24.62,lucas.david49@example.org,STORE
2026-06-27,9781594488849,1,37.74,manon.martin10@example.org,boutique
2026-03-10,9780062225719,1,22.3,camille.bernard58@example.org,STORE
2026-01-27,9781958943366,2,26.41,nathan.morel55@example.org,Magasin
2026-04-26,9781568655611,1,30.18,lucas.bernard26@example.org,site
2025-08-17,9781613822494,1,23.26,jules.simon41@example.org,STORE
2025-10-12,9789000338658,1,19.04,jules.bernard85@example.org,STORE
2025-08-22,9780802142641,2,16.4,gabriel.bernard28@example.org,Magasin
2025-10-21,9780945353874,1,17.73,gabriel.martin22@example.org,boutique
2025-12-09,9780263775570,2,34.83,hugo.moreau95@example.org,boutique
2025-12-28,9780671746520,0,20.34,hugo.lefebvre70@example.org,STORE
2025-12-10,9798475273906,2,36.15,gabriel.simon59@example.org,marketplace
2026-05-10,9780216897984,1,5.8,hugo.laurent7@example.org,MP
2025-07-19,9785171001605,1,32.43,louis.roux30@example.org,online
2025-10-05,9781434462770,2,11.73,manon.leroy28@example.org,boutique
2026-03-28,9780141374239,1,19.92,lucas.bertrand33@example.org,magasin
2026-06-05,9798716103634,3,26.13,jules.david87@example.org,online
2026-04-30,9781709948305,1,9.65,arthur.dubois18@example.org,marketplace
2026-04-06,9780756992248,1,39.12,louis.moreau73@example.org,web
2025-12-25,9789020554113,1,10.21,gabriel.simon83@example.org,magasin
2025-11-03,9780062019813,1,39.02,gabriel.dubois63@example.org,Magasin
2025-12-10,9781478312932,2,33.47,ines.michel78@example.org,site
2025-11-21,9780575042681,3,17.08,camille.lefebvre56@example.org,en ligne
2026-01-22,9789812340931,1,9.09,louis.fournier36@example.org,Magasin
2025-12-10,9780449235997,1,39.25,zoe.bertrand5@example.org,STORE
2025-10-12,9789000338658,1,19.04,jules.bernard85@example.org,STORE
2025-08-11,9780345458889,3,23.17,gabriel.fournier36@example.org,boutique
2026-04-21,9780263122169,1,7.72,louis.bernard12@example.org,online
2025-11-14,9781250095275,1,36.65,jules.fournier6@example.org,web
2025-11-06,9780143142324,1,38.53,lea.roux26@example.org,site
2025-10-01,9780571226856,1,26.4,arthur.david57@example.org,online
2026-02-18,9780263130249,1,23.38,gabriel.bernard51@example.org,marketplace
2025-09-21,9780534359454,1,34.41,gabriel.laurent58@example.org,site
2026-05-16,9791000000169,2,11.51,lea.roux69@example.org,MP
2025-10-15,9780821775370,1,22.27,nathan.michel76@example.org,en ligne
2025-10-28,9780136054054,1,18.08,jade.lefebvre28@example.org,Magasin
2026-03-02,9789020554113,2,21.45,lucas.roux83@example.org,magasin
2025-12-02,9780030314810,1,24.91,chloe.fournier52@example.org,boutique
2025-07-01,9791000000639,3,15.18,emma.fournier4@example.org,Magasin
2026-03-21,9781433207938,1,30.83,emma.laurent94@example.org,web
2025-08-30,9781101137833,1,28.81,arthur.bertrand7@example.org,Magasin
2026-06-10,9781536435078,1,23.94,gabriel.lefebvre40@example.org,en ligne
2025-10-27,9781538739723,2,24.64,gabriel.david32@example.org,online
2025-08-06,9781529369526,1,12.82,jade.bertrand26@example.org,boutique
2025-09-15,9789583004506,2,20.83,manon.martin72@example.org,STORE
2025-12-03,9780061492570,1,24.71,emma.lefebvre43@example.org,STORE
2026-04-24,9780393966848,2,21.97,chloe.michel82@example.org,magasin
2026-01-09,9780307568083,1,5.11,zoe.laurent17@example.org,place de marché
2025-10-03,9780230015760,1,18.75,arthur.laurent97@example.org,boutique
2026-02-01,9780807217696,1,26.21,jules.moreau30@example.org,web
2026-05-07,9781436223881,1,17.78,hugo.bernard3@example.org,boutique
2025-08-19,9781250030962,1,22.53,emma.laurent73@example.org,en ligne
2025-07-16,9791000000209,2,10.42,zoe.roux66@example.org,magasin
2026-01-10,9781338611991,1,35.51,hugo.roux27@example.org,MP
2026-03-07,9780142413401,1,18.47,zoe.simon67@example.org,magasin
2026-02-05,9788427298293,1,13.45,emma.leroy34@example.org,boutique
2025-12-26,9780375507250,1,13.39,lea.simon76@example.org,MP
2025-09-05,9781850180005,0,30.33,emma.martin96@example.org,en ligne
2025-07-24,9785389061606,1,36.47,ines.david72@example.org,online
2025-10-11,9780349440187,1,38.0,lucas.moreau92@example.org,en ligne
2026-04-17,9781847941831,2,13.87,jade.bertrand57@example.org,web
2026-04-03,9780156724005,1,32.3,louis.roux31@example.org,site
2025-12-23,9781434462770,1,37.22,chloe.bernard9@example.org,STORE
2026-06-10,9780380395606,1,24.44,camille.martin70@example.org,place de marché
2026-01-23,9780241430903,1,28.26,gabriel.leroy60@example.org,magasin
2026-02-10,9785882156922,1,38.52,jade.lefebvre92@example.org,magasin
2026-04-03,9781442421844,2,21.18,hugo.laurent46@example.org,Magasin
2025-12-06,9780757910869,1,32.49,lucas.lefebvre73@example.org,magasin
2026-04-16,9780550200686,1,12.55,jules.laurent5@example.org,magasin
2026-05-21,9791000000829,2,22.96,jules.michel50@example.org,site
2026-02-20,9780060826086,2,27.75,nathan.morel55@example.org,en ligne
2025-11-07,9780307284174,3,39.28,lea.michel65@example.org,boutique
2025-07-18,9780593642009,3,7.33,zoe.bernard42@example.org,site
2026-06-08,9781434267276,1,36.74,lucas.moreau45@example.org,Magasin
2026-03-17,9780316501286,2,13.6,manon.bertrand68@example.org,marketplace
2026-06-03,9780060934514,2,39.03,hugo.bertrand27@example.org,boutique
2026-06-25,9780571226856,1,27.34,chloe.dubois69@example.org,STORE
2026-03-27,9781780318578,1,11.85,chloe.simon2@example.org,web
2025-08-12,9798874620929,1,16.98,camille.simon97@example.org,Magasin
2025-07-06,9780843940008,1,16.94,ines.david47@example.org,site
2026-03-24,9781414340913,2,33.69,manon.martin42@example.org,STORE
2025-10-25,9798377220947,1,20.77,zoe.roux92@example.org,boutique
2026-03-25,9783442457472,2,23.52,jade.simon94@example.org,online
2025-10-15,9781305639614,1,27.64,ines.dubois91@example.org,boutique
2025-12-07,9780131272866,1,25.42,lea.dubois20@example.org,online
2025-09-06,9782221125779,1,22.72,manon.roux14@example.org,STORE
2026-04-20,9780807275122,2,25.76,gabriel.david42@example.org,magasin
2026-06-26,9781448105618,1,32.32,ines.moreau43@example.org,web
2026-01-28,9786053751120,1,15.15,gabriel.bernard85@example.org,online
2026-04-28,9781094048994,1,26.82,gabriel.dubois31@example.org,boutique
2026-04-18,9780553539899,1,38.59,ines.morel42@example.org,Magasin
2025-10-09,9791000000819,1,26.89,louis.michel81@example.org,boutique
2026-01-27,9780061003776,1,22.47,manon.simon90@example.org,boutique
2025-07-27,9786020332116,3,9.84,jade.lefebvre46@example.org,STORE
2025-10-16,9780070165694,1,35.0,camille.bernard40@example.org,STORE
2026-02-19,9781850890362,3,23.62,louis.fournier17@example.org,place de marché
2026-01-02,978957467950X,2,12.54,louis.laurent22@example.org,web
2026-02-13,9780193151468,1,20.69,camille.moreau80@example.org,boutique
2025-10-05,9788191032406,2,18.17,manon.laurent48@example.org,site
2025-08-10,9798855090437,1,7.4,camille.lefebvre30@example.org,Magasin
2026-02-03,9781726017640,1,28.13,jules.leroy89@example.org,STORE
2025-12-06,9780860099697,1,27.96,lea.michel44@example.org,Magasin
2025-10-17,9781101137833,1,32.12,louis.bernard86@example.org,magasin
2025-08-02,9780263808568,1,24.17,theo.leroy93@example.org,web
2025-09-10,9783423763349,1,34.47,chloe.simon21@example.org,STORE
2026-05-01,9798990047709,1,24.22,zoe.david62@example.org,magasin
2026-04-04,9791000000299,2,32.05,camille.simon95@example.org,online
2025-12-31,9798475273906,1,8.56,nathan.bernard8@example.org,Magasin
2026-05-05,9780470083734,1,10.68,chloe.roux45@example.org,magasin
2026-06-04,9789795533412,1,25.38,zoe.bernard11@example.org,online
2026-06-20,9780593160015,2,18.71,jules.bertrand60@example.org,boutique
2026-02-03,9782376862185,1,28.69,lucas.moreau37@example.org,place de marché
2025-08-02,9780140139198,1,30.89,emma.leroy69@example.org,boutique
2025-08-15,9783442353927,1,16.41,emma.dubois26@example.org,en ligne
2025-10-06,9781101192740,2,24.64,louis.fournier67@example.org,site
2025-07-05,9781568497037,0,18.6,gabriel.bertrand66@example.org,MP
2025-07-05,9788492966660,0,19.72,camille.laurent76@example.org,magasin
2025-09-27,9781407034461,1,34.45,louis.leroy49@example.org,MP
2025-11-12,9780008115456,1,18.18,nathan.morel69@example.org,magasin
2026-01-09,9780060291693,1,8.48,lucas.bernard60@example.org,Magasin
2026-05-07,9781975618674,1,20.28,hugo.dubois63@example.org,boutique
2025-11-26,9791000000869,1,39.35,emma.simon70@example.org,boutique
2025-07-05,9781725530911,2,6.95,jules.michel71@example.org,site
2025-07-01,9780575079090,3,14.28,arthur.lefebvre54@example.org,Magasin
2025-09-21,9791000000729,1,6.68,gabriel.bertrand63@example.org,boutique
2026-02-05,9780007354733,1,8.85,nathan.martin50@example.org,marketplace
2026-02-16,9782266138826,1,11.54,camille.martin33@example.org,site
2025-07-23,9781408999011,3,33.32,ines.roux10@example.org,online
2025-12-18,9780263137958,1,29.68,louis.bernard7@example.org,online
2026-06-24,9781958943052,1,37.84,gabriel.lefebvre92@example.org,site
2025-10-07,9789000338658,2,10.8,ines.martin47@example.org,STORE
2026-01-11,9781408839966,1,21.83,manon.bernard56@example.org,boutique
2026-06-18,9780143142324,2,31.11,hugo.bertrand55@example.org,online
2026-02-08,9781417601356,2,39.89,arthur.moreau40@example.org,STORE
2026-02-04,9780143469131,1,38.29,manon.simon80@example.org,Magasin
2025-07-12,9780136054054,0,34.2,theo.moreau20@example.org,boutique
2026-03-24,9791000000629,2,11.39,theo.bernard19@example.org,web
2026-06-13,9791000000339,2,38.0,hugo.david62@example.org,marketplace
2025-11-28,9781886463172,0,34.02,nathan.simon10@example.org,marketplace
2026-05-01,9780061451652,1,7.01,hugo.bertrand85@example.org,MP
2026-02-04,9780333675182,2,25.58,gabriel.dubois79@example.org,web
2026-05-18,9781726017640,1,29.7,jade.fournier19@example.org,boutique
2025-07-15,9783458080664,2,6.3,zoe.moreau94@example.org,Magasin
2025-11-03,9791000000469,2,30.36,ines.fournier34@example.org,magasin
2026-06-15,9781559348263,1,6.78,emma.morel35@example.org,STORE
2026-06-18,9783453317109,1,14.46,manon.david35@example.org,STORE
2025-08-23,9791000000389,1,34.06,camille.martin63@example.org,web
2025-08-30,9789711024154,1,37.8,jules.fournier23@example.org,site
2025-12-04,9780593109069,2,25.76,zoe.moreau63@example.org,boutique
2025-11-26,9781631619854,1,38.16,ines.fournier47@example.org,STORE
2025-10-04,9780356232928,2,15.39,lucas.lefebvre92@example.org,STORE
2025-08-09,9781595583260,2,15.08,jules.laurent27@example.org,magasin
2025-12-06,9780809533756,1,16.26,lucas.bernard19@example.org,STORE
2026-06-27,9781798850466,1,18.49,theo.fournier33@example.org,en ligne
2025-12-07,9780785744580,3,9.26,arthur.martin66@example.org,STORE
2026-06-04,9782266138826,1,31.21,theo.fournier46@example.org,Magasin
2025-08-06,9798846711082,1,9.76,emma.bernard15@example.org,boutique
2025-07-03,9781417727582,1,10.41,nathan.leroy72@example.org,Magasin
2026-04-25,9783442353927,1,21.2,emma.roux6@example.org,Magasin
2026-02-10,9789507511288,1,25.44,zoe.david90@example.org,site
2025-07-20,9781538500484,2,14.56,arthur.simon67@example.org,boutique
2025-09-08,9781781251485,1,30.92,gabriel.simon17@example.org,magasin
2025-10-29,9786073108409,2,10.45,hugo.martin32@example.org,en ligne
2025-09-19,9780857550460,1,25.17,nathan.laurent87@example.org,site
2026-03-03,9791020924636,1,22.65,hugo.bernard64@example.org,STORE
2026-02-08,9780878210329,2,14.11,theo.leroy85@example.org,Magasin
2025-11-26,9781631619854,1,38.16,ines.fournier47@example.org,STORE
2026-04-17,9788440220677,2,29.99,hugo.fournier71@example.org,place de marché
2025-11-21,9780224008884,1,11.26,ines.morel88@example.org,web
2025-09-10,9781955876162,3,18.08,hugo.dubois61@example.org,site
2026-02-20,9781841492391,1,28.4,ines.laurent27@example.org,magasin
2026-02-28,9780358213253,3,30.48,hugo.leroy50@example.org,boutique
2026-05-17,9780141309750,1,28.91,gabriel.leroy35@example.org,boutique
2026-02-12,9788408282952,1,38.38,louis.simon60@example.org,web
2025-10-21,9780267171989,1,27.92,emma.roux91@example.org,magasin
2025-11-19,9781434462770,1,20.36,chloe.morel2@example.org,Magasin
2026-03-04,9798739955418,2,7.13,arthur.michel38@example.org,boutique
2025-10-25,9788579623844,1,19.48,louis.leroy41@example.org,marketplace
2025-10-18,9780063429147,1,28.56,arthur.laurent24@example.org,marketplace
2026-05-16,9781559213356,2,24.83,lea.bernard3@example.org,boutique
2025-07-10,9786070793677,1,5.17,nathan.david73@example.org,place de marché
2026-04-08,9781594131523,2,8.48,manon.david15@example.org,STORE
2025-09-05,9780671491758,1,30.87,camille.roux92@example.org,Magasin
2025-12-15,9780230015760,1,31.35,jules.fournier97@example.org,magasin
2026-01-25,9798561631788,1,31.16,jade.laurent13@example.org,STORE
2026-04-05,9780099439752,1,14.47,zoe.fournier76@example.org,STORE
2025-08-29,9781572707313,1,23.27,gabriel.michel56@example.org,en ligne
2025-10-13,9781405617093,2,18.81,camille.laurent99@example.org,magasin
2025-07-16,9789020632729,2,37.21,louis.simon11@example.org,place de marché
2026-06-26,9781857234701,2,25.09,jules.bertrand73@example.org,online
2025-07-11,9781568955575,1,19.28,zoe.leroy66@example.org,web
2026-03-31,9781690319849,2,14.26,lucas.simon35@example.org,STORE
2026-02-12,9791000000039,1,37.7,manon.david52@example.org,STORE
2026-02-13,9780451168283,1,17.51,hugo.roux53@example.org,STORE
2026-05-17,9781101192740,1,35.77,gabriel.bernard19@example.org,STORE
2026-02-18,9781593974336,1,18.54,lucas.moreau58@example.org,boutique
2025-07-05,9788579623844,2,30.55,louis.leroy19@example.org,web
2025-08-01,9798739955418,1,30.41,louis.roux43@example.org,online
2026-06-16,9782702411933,1,27.81,louis.david14@example.org,boutique
2026-02-10,9781432622459,1,24.39,emma.morel78@example.org,boutique
2026-03-10,9780970373908,1,9.43,jade.simon18@example.org,marketplace
2025-10-17,9788845212178,1,27.35,hugo.bernard98@example.org,marketplace
2026-02-24,9791000000649,1,28.65,lucas.bernard54@example.org,STORE
2026-05-17,9780141309750,1,28.91,gabriel.leroy35@example.org,boutique
2025-12-15,9798589452563,2,30.99,gabriel.bernard25@example.org,Magasin
2026-02-27,9780373024209,2,7.36,arthur.morel43@example.org,site
2026-04-05,9780061351426,1,10.17,emma.lefebvre45@example.org,magasin
2025-08-30,9780007493579,2,9.34,jade.lefebvre35@example.org,Magasin
2025-09-17,9780079131195,1,15.85,chloe.simon59@example.org,web
2026-04-15,9798791612762,2,39.56,zoe.simon24@example.org,Magasin
2026-06-09,9781597223072,1,16.49,ines.laurent37@example.org,site
2026-02-24,9798671330687,1,22.93,theo.leroy72@example.org,site
2025-11-12,9780008115456,1,18.18,nathan.morel69@example.org,magasin
2025-07-15,9781408998465,3,35.14,nathan.david87@example.org,web
2025-11-14,9783423763349,1,20.89,lucas.lefebvre11@example.org,STORE
2025-08-14,9781544739366,1,37.59,jules.leroy33@example.org,Magasin
2025-11-06,9780049140172,1,9.8,louis.martin37@example.org,boutique
2026-02-12,9780671458423,1,15.41,lucas.fournier5@example.org,boutique
2026-01-23,9780241430903,1,28.26,gabriel.leroy60@example.org,magasin
2026-04-05,9780263096378,2,33.17,manon.laurent57@example.org,STORE
2025-12-28,9781408839966,1,31.42,lucas.martin77@example.org,STORE
2025-12-01,9781442486126,1,17.32,zoe.moreau20@example.org,STORE
2026-02-20,9780193151468,1,38.54,lea.lefebvre2@example.org,MP
2025-11-02,9781844135844,1,39.84,hugo.moreau70@example.org,STORE
2026-06-20,9788074770814,1,20.37,zoe.roux26@example.org,magasin
2025-07-27,9780263096378,3,9.33,arthur.michel38@example.org,Magasin
2026-03-03,9780256234787,2,21.56,jade.bertrand13@example.org,Magasin
2025-12-08,9780263762495,1,21.93,jules.simon61@example.org,boutique
2026-03-21,9780792483809,1,34.17,camille.martin46@example.org,online
2025-09-13,9780451493835,1,26.62,theo.david16@example.org,STORE
2025-11-04,9781594634956,2,38.92,emma.lefebvre8@example.org,Magasin
2025-07-06,9791000000989,1,24.33,jade.bertrand24@example.org,en ligne
2026-03-27,9791000000459,3,14.85,theo.michel76@example.org,MP
2026-06-26,9780786936137,1,35.93,emma.morel88@example.org,site
2025-11-27,9791000000289,1,10.52,nathan.simon27@example.org,marketplace
2026-02-26,9788501117687,1,33.47,zoe.leroy73@example.org,Magasin
2026-02-13,9780141038148,1,39.3,jules.simon81@example.org,en ligne
2026-04-02,9780061557064,1,17.12,lucas.bernard75@example.org,Magasin
2025-07-16,9791000000819,1,31.39,hugo.david45@example.org,en ligne
2026-01-24,9780451628800,1,10.26,louis.martin39@example.org,boutique
2025-11-19,9781417999729,2,34.86,chloe.michel47@example.org,STORE
2026-05-11,9780241950265,2,21.35,louis.fournier40@example.org,marketplace
2025-12-23,9789711024154,2,25.18,arthur.morel25@example.org,STORE
2025-12-13,9780140440577,1,12.47,jade.dubois41@example.org,site
2025-08-05,9781844135844,2,33.0,chloe.dubois95@example.org,magasin
2026-05-09,9798790221941,1,15.02,louis.fournier85@example.org,magasin
2025-08-13,9780736614818,2,23.47,camille.bernard56@example.org,boutique
2026-05-18,9780263137958,1,12.42,jade.bertrand44@example.org,MP
2025-08-12,9798874620929,1,16.98,camille.simon97@example.org,Magasin
2025-11-23,9783458080664,1,24.85,camille.morel96@example.org,online
2026-01-24,9780263137958,2,21.68,gabriel.laurent62@example.org,en ligne
2026-04-24,9781408999233,2,19.79,ines.lefebvre10@example.org,online
2025-12-09,9791000000609,1,27.48,hugo.michel77@example.org,marketplace
2025-07-15,9780449235997,2,13.24,lucas.dubois77@example.org,boutique
2025-08-22,9780754000471,3,4.76,arthur.laurent81@example.org,boutique
2026-03-26,9780140449532,1,5.36,jade.morel75@example.org,Magasin
2026-02-19,9780821775370,1,8.0,zoe.lefebvre77@example.org,STORE
2025-08-30,9789711024154,1,37.8,jules.fournier23@example.org,site
2025-12-10,9781534438545,1,7.73,louis.bernard48@example.org,en ligne
2025-09-16,9781958943052,1,31.12,jules.michel32@example.org,boutique
2025-09-05,9780263790429,2,30.57,hugo.moreau51@example.org,STORE
2025-08-10,9788447368990,1,37.23,zoe.roux41@example.org,magasin
2026-04-28,978957467950X,2,9.62,emma.simon45@example.org,place de marché
2025-12-15,9781942788768,1,25.72,camille.moreau45@example.org,boutique
2025-11-09,9780241950265,2,18.35,nathan.fournier87@example.org,magasin
2026-05-22,9789795533412,1,36.83,hugo.laurent61@example.org,online
2025-07-26,9788418052637,1,25.19,jules.lefebvre4@example.org,site
2025-12-17,9781984819574,1,8.05,lucas.simon58@example.org,Magasin
2025-10-03,9783502551638,1,25.09,manon.bertrand88@example.org,magasin
2026-03-16,9788416906550,2,14.49,louis.moreau14@example.org,magasin
2025-12-13,9781421889276,1,9.06,lea.moreau82@example.org,online
2025-08-03,9788420683324,1,6.13,theo.michel37@example.org,STORE
2026-01-29,9791000000899,1,34.28,theo.laurent4@example.org,STORE
2025-07-18,9781781251485,2,21.76,chloe.bertrand74@example.org,en ligne
2026-05-31,9780749391843,1,20.3,nathan.david76@example.org,STORE
2025-12-15,9780230015760,1,31.35,jules.fournier97@example.org,magasin
2026-03-31,9788447369225,1,28.61,jules.bernard29@example.org,magasin
2026-01-17,9791000000589,3,17.0,ines.fournier4@example.org,site
2026-05-07,9780511783289,2,34.84,nathan.david95@example.org,Magasin
2025-10-03,9780007120970,1,9.48,ines.david65@example.org,MP
2026-06-11,9780460116947,2,6.88,gabriel.moreau70@example.org,boutique
2025-07-01,9780307291813,1,20.2,ines.david5@example.org,Magasin
2025-09-12,9780060513061,1,36.47,lucas.morel17@example.org,site
2025-11-30,9780263751635,1,25.36,arthur.bertrand72@example.org,STORE
2025-09-22,9798450814261,1,5.0,chloe.morel55@example.org,magasin
2025-10-07,9791000000019,2,9.67,jules.bertrand70@example.org,magasin
2025-09-19,9780380821099,2,35.65,ines.bertrand30@example.org,online
2026-05-15,9781448105618,1,19.16,hugo.morel39@example.org,online
2026-01-21,9781435336667,1,19.68,theo.fournier1@example.org,web
2025-10-12,9780823022748,1,26.06,chloe.dubois83@example.org,magasin
2025-09-10,9780061097317,1,10.16,lea.bernard55@example.org,online
2025-07-22,9781432645960,1,25.35,hugo.leroy2@example.org,Magasin
2026-01-16,9780590113076,1,28.9,lea.fournier30@example.org,site
2025-09-22,9789953432540,2,14.02,manon.bertrand10@example.org,site
2025-10-30,9791000000659,1,25.5,manon.bertrand41@example.org,STORE
2025-11-24,9781616960926,1,13.95,lucas.bertrand12@example.org,STORE
2025-07-01,9788580445046,1,27.74,arthur.martin36@example.org,site
2025-11-08,9791000000829,2,30.55,nathan.laurent29@example.org,STORE
2025-11-29,9780586045145,3,25.96,louis.roux35@example.org,MP
2025-10-13,9781428640382,1,36.97,camille.morel47@example.org,boutique
2026-01-03,9780449908587,1,14.02,nathan.david52@example.org,MP
2025-07-31,9780061744303,2,7.41,louis.morel94@example.org,marketplace
2025-10-07,9791000000139,2,28.54,camille.moreau57@example.org,boutique
2025-10-12,9780141038148,1,8.92,ines.dubois51@example.org,marketplace
2026-05-01,9780545541251,1,10.09,zoe.fournier2@example.org,Magasin
2025-09-29,9788418550928,2,23.16,lucas.bernard44@example.org,Magasin
2026-01-28,9780061351426,1,9.96,emma.martin58@example.org,Magasin
2025-11-23,9781417661589,1,24.8,gabriel.bernard81@example.org,magasin
2026-06-19,9780071408691,1,24.72,zoe.david89@example.org,site
2026-02-26,9780655672241,3,19.34,jules.moreau12@example.org,Magasin
2026-01-03,9781405617093,1,19.78,hugo.roux20@example.org,STORE
2025-10-20,9782226479822,1,31.2,lucas.leroy68@example.org,Magasin
2026-03-26,9780349440187,2,6.35,gabriel.laurent29@example.org,en ligne
2026-02-11,9786525917313,3,39.66,jules.bernard7@example.org,boutique
2026-02-28,9780061285752,0,35.76,jade.michel12@example.org,STORE
2026-06-17,9780373511648,1,39.85,hugo.leroy47@example.org,STORE
2025-10-12,9781957635002,1,14.53,lea.lefebvre10@example.org,magasin
2025-11-23,9788429776317,2,14.26,manon.lefebvre81@example.org,boutique
2026-06-01,9780143142324,1,25.92,nathan.bernard4@example.org,Magasin
2026-06-16,9786020332116,1,11.23,ines.leroy4@example.org,Magasin
2025-07-01,9791000000799,1,20.56,lucas.simon40@example.org,Magasin
2025-12-30,9780263784701,1,9.37,camille.david88@example.org,web
2025-11-30,9781857987386,1,31.91,arthur.martin16@example.org,boutique
2026-06-19,9780263095760,1,5.95,zoe.moreau21@example.org,magasin
2026-03-25,9781451686296,1,23.58,arthur.laurent41@example.org,MP
2025-11-01,9791000000459,1,15.57,lea.bertrand96@example.org,STORE
2026-03-23,9780517202753,1,35.6,louis.leroy22@example.org,boutique
2025-09-17,9780230015760,1,16.69,emma.leroy54@example.org,boutique
2026-05-16,9781442006188,3,9.16,lucas.moreau11@example.org,magasin
2025-07-14,9788439707929,3,28.9,arthur.simon46@example.org,web
2026-06-19,9780263762495,1,19.33,emma.morel69@example.org,magasin
2025-12-21,9791000000459,0,11.53,gabriel.michel71@example.org,online
2025-08-20,9788804507727,1,23.65,theo.michel88@example.org,MP
2026-06-04,9781561005987,1,18.39,zoe.moreau32@example.org,site
2026-01-07,9781470825553,1,7.96,jade.simon26@example.org,Magasin
2026-04-02,9780894108815,1,7.72,chloe.martin14@example.org,STORE
2025-09-24,9780804168441,1,18.35,theo.moreau78@example.org,Magasin
2025-11-02,9791000000589,1,26.93,louis.lefebvre2@example.org,online
2026-02-01,9791000000299,2,10.12,ines.bernard11@example.org,boutique
2026-03-10,9789868856097,1,8.18,gabriel.roux58@example.org,boutique
2025-09-19,9780618058952,1,38.01,emma.fournier26@example.org,STORE
2025-08-18,9780460116947,1,24.12,nathan.bertrand26@example.org,site
2025-07-16,9781409413615,1,27.26,manon.david69@example.org,online
2025-11-03,9791000000459,2,14.4,nathan.bertrand17@example.org,boutique
2025-09-02,9791000000699,1,35.26,louis.bertrand20@example.org,magasin
2025-09-08,9780945353874,2,9.92,nathan.michel73@example.org,magasin
2026-05-30,9788418483448,1,12.36,jade.laurent43@example.org,magasin
2026-06-11,9798642299869,1,5.22,jules.bertrand23@example.org,Magasin
2026-02-13,9780061857171,2,15.1,emma.bernard69@example.org,site
2026-02-12,9781591846918,1,23.91,hugo.morel45@example.org,site
2026-06-11,9780807217696,1,32.36,camille.martin94@example.org,STORE
2025-08-28,9781428811195,1,39.89,nathan.michel87@example.org,magasin
2025-08-03,9780811806404,1,8.96,emma.simon52@example.org,boutique
2026-02-20,9780263853087,1,16.51,manon.bertrand65@example.org,en ligne
2025-08-05,9788501110008,3,36.8,zoe.leroy39@example.org,boutique
2026-02-22,9781408998465,1,30.69,ines.bernard73@example.org,STORE
2026-05-07,9780511783289,2,34.84,nathan.david95@example.org,Magasin
2025-12-09,9788416906550,1,23.62,gabriel.dubois8@example.org,STORE
2025-08-11,9781476873626,3,5.53,ines.simon48@example.org,magasin
2026-06-26,9780679803072,1,22.95,emma.simon29@example.org,STORE
2026-02-21,9788580445046,1,20.63,lea.david10@example.org,site
2026-03-19,9780321623539,1,36.36,louis.bertrand95@example.org,site
2025-12-25,9780547524009,1,35.53,lea.morel64@example.org,boutique
2026-03-19,9791000000089,2,12.99,zoe.fournier49@example.org,magasin
2026-02-28,9780313207693,1,30.58,camille.martin62@example.org,STORE
2026-01-26,9780821778555,1,25.71,louis.laurent75@example.org,Magasin
2026-03-24,9781407034461,1,37.84,lea.dubois21@example.org,STORE
2025-07-29,9780061451652,1,34.69,camille.leroy60@example.org,site
2025-10-12,9780823022748,1,26.06,chloe.dubois83@example.org,magasin
2025-07-21,9791000000869,2,23.58,gabriel.michel30@example.org,magasin
2026-06-17,9780373511648,1,39.85,hugo.leroy47@example.org,STORE
2026-02-28,9780316501286,1,28.51,manon.laurent61@example.org,site
2025-12-14,9781250095275,2,21.3,hugo.martin99@example.org,site
2026-05-27,9791000000719,1,37.82,chloe.michel6@example.org,online
2026-01-08,9781536435078,1,21.46,louis.martin4@example.org,web
2026-02-08,9781101137833,2,26.38,zoe.morel33@example.org,boutique
2025-07-02,9780593724309,2,35.14,gabriel.leroy73@example.org,site
2026-05-02,9780205060450,1,27.53,lea.roux4@example.org,magasin
2025-08-18,9780575038479,0,36.46,theo.morel98@example.org,online
2026-04-19,9798701966169,1,34.32,camille.leroy76@example.org,Magasin
2026-02-18,9780134101477,1,19.75,ines.fournier87@example.org,boutique
2025-12-09,9781481428149,1,16.94,chloe.lefebvre55@example.org,Magasin
2026-02-26,9780439451932,2,18.11,zoe.bertrand26@example.org,Magasin
2025-10-30,9781417727582,3,12.56,theo.laurent40@example.org,Magasin
2025-09-20,9798511718255,2,20.6,theo.michel79@example.org,STORE
2026-04-13,9789020554113,1,10.43,lea.laurent34@example.org,Magasin
2026-02-22,9791000000919,1,25.5,manon.fournier14@example.org,Magasin
2025-11-16,9780416165326,3,18.11,theo.leroy88@example.org,boutique
2025-07-24,9780061550676,1,31.99,lucas.bertrand66@example.org,MP
2025-07-27,9789000338658,1,26.33,ines.dubois61@example.org,boutique
2025-07-29,9781565843790,2,30.3,lea.bernard30@example.org,Magasin
2025-09-12,9781679583353,3,36.32,ines.morel19@example.org,Magasin
2026-06-25,9780380395606,1,20.08,lea.laurent2@example.org,online
2026-06-02,9780470104248,1,18.62,jules.lefebvre89@example.org,Magasin
2025-12-22,9780007527564,1,17.33,theo.bernard75@example.org,en ligne
2026-04-17,9789994714094,2,22.18,louis.david2@example.org,Magasin
2026-03-23,9780062273208,1,6.7,emma.bernard22@example.org,STORE
2026-01-22,9789812340931,1,9.09,louis.fournier36@example.org,Magasin
2026-05-01,9780451525918,1,5.39,theo.roux25@example.org,site
2026-02-08,9781250242754,1,37.76,hugo.fournier29@example.org,web
2026-01-13,9780241753859,2,19.7,manon.dubois75@example.org,online
2026-02-12,9780008115456,1,17.14,theo.simon36@example.org,magasin
2026-04-07,9788491052371,1,23.1,arthur.leroy13@example.org,magasin
2026-04-03,9780586045145,1,24.2,louis.lefebvre7@example.org,marketplace
2026-03-15,9789710843480,2,37.52,jules.leroy24@example.org,MP
2026-03-28,9791000000759,1,37.6,zoe.bernard49@example.org,magasin
2026-02-14,9791000000429,2,29.07,theo.morel83@example.org,Magasin
2025-07-10,9780805035650,1,38.55,nathan.bertrand77@example.org,Magasin
2025-10-06,9780812540116,1,18.83,arthur.fournier19@example.org,site
2026-01-20,9780606283892,1,15.67,hugo.moreau46@example.org,online
2026-05-15,9780070078727,3,4.77,emma.roux79@example.org,Magasin
2026-01-22,9780061744303,1,12.08,lucas.bernard18@example.org,site
2025-08-03,9780307741172,3,7.44,jade.leroy31@example.org,place de marché
2025-09-04,9780786918065,2,34.22,emma.bertrand89@example.org,en ligne
2025-07-18,9788418052637,1,33.29,jules.morel92@example.org,marketplace
2026-02-17,9785389061606,1,10.57,jules.bernard25@example.org,Magasin
2026-02-11,9791000000969,1,6.16,jules.roux48@example.org,place de marché
2025-12-20,9780241950265,1,12.89,jules.fournier3@example.org,STORE
2026-04-11,9791000000459,2,30.41,gabriel.laurent12@example.org,magasin
2025-12-23,9791000000129,1,23.99,chloe.moreau49@example.org,site
2025-12-11,9798618236188,2,21.33,theo.morel24@example.org,boutique
2025-07-16,9780571226856,2,11.02,ines.moreau43@example.org,Magasin
2025-08-01,9788427298286,1,35.99,emma.leroy90@example.org,MP
2026-06-02,9781974932573,1,23.8,hugo.michel27@example.org,magasin
2025-10-18,9780071408691,1,36.16,gabriel.martin49@example.org,STORE
2025-11-26,9780750503075,2,12.55,lea.morel61@example.org,boutique
2026-05-01,9788448034580,1,39.72,hugo.morel3@example.org,boutique
2025-12-19,9780307284174,1,15.84,gabriel.roux24@example.org,web
2026-03-25,9783893400614,2,36.4,theo.simon88@example.org,magasin
2025-11-09,9780008305703,1,23.96,manon.fournier11@example.org,online
2026-02-27,9781593976064,1,31.35,theo.simon32@example.org,Magasin
2025-11-02,9798427336826,1,38.15,camille.roux87@example.org,online
2026-04-25,9783442353927,1,21.2,emma.roux6@example.org,Magasin
2025-09-08,9780263102734,2,5.54,jade.bernard36@example.org,boutique
2025-10-04,9781483928197,1,39.87,theo.lefebvre58@example.org,STORE
2025-12-17,9781534487673,1,27.53,lucas.leroy28@example.org,en ligne
2026-03-19,9781536681949,1,23.41,jules.lefebvre31@example.org,MP
2026-03-17,9781417633845,1,27.18,lea.leroy52@example.org,online
2025-10-03,9780862201234,1,27.58,hugo.dubois83@example.org,magasin
2025-07-21,9798874620929,1,25.55,jules.moreau44@example.org,magasin
2026-06-30,9788804507727,1,6.47,arthur.moreau71@example.org,STORE
2026-03-28,9791000000179,1,7.95,ines.morel48@example.org,boutique
2026-05-28,9781559348263,1,30.16,hugo.dubois95@example.org,web
2026-03-16,9780156724005,1,34.72,manon.fournier65@example.org,boutique
2026-03-07,9781417733675,1,12.31,ines.dubois21@example.org,Magasin
2026-04-29,9781108057875,2,35.49,camille.bertrand59@example.org,STORE
2025-07-09,9781280839290,2,7.48,lea.moreau47@example.org,magasin
2025-08-02,9781405617093,0,39.51,louis.simon14@example.org,boutique
2026-04-23,9780486243832,1,31.14,louis.lefebvre11@example.org,boutique
2026-06-24,9781594634956,2,20.26,louis.fournier38@example.org,en ligne
2025-07-12,9788381352079,1,32.0,theo.martin42@example.org,magasin
2026-03-01,9781548261887,0,21.78,jade.fournier43@example.org,magasin
2026-02-28,9791000000139,1,16.39,ines.lefebvre22@example.org,site
2026-03-02,9780416225907,1,10.25,jade.morel61@example.org,boutique
2026-03-19,9798513996880,1,19.92,emma.fournier99@example.org,site
2025-09-09,9780263853087,1,30.22,emma.bernard46@example.org,marketplace
2026-01-09,9788371501531,0,15.38,gabriel.simon32@example.org,Magasin
2026-03-19,9781101138816,1,18.91,nathan.leroy16@example.org,STORE
2026-03-09,9780071614146,1,13.81,lea.martin43@example.org,web
2026-05-04,9791000000079,1,4.75,arthur.martin61@example.org,web
2026-04-11,9781092148580,1,39.52,chloe.moreau87@example.org,en ligne
2025-12-21,9780358213253,0,11.51,chloe.bertrand32@example.org,STORE
2025-07-21,9789799831750,1,25.82,gabriel.morel43@example.org,STORE
2026-05-22,9780786189694,1,27.07,camille.bertrand58@example.org,magasin
2026-01-19,9780880881326,1,20.73,lucas.fournier97@example.org,STORE
2025-10-07,9780061097317,1,17.77,arthur.leroy20@example.org,online
2026-04-05,978006095685X,1,10.86,jade.roux99@example.org,STORE
2026-06-23,979100000100X,1,10.73,emma.fournier92@example.org,magasin
2026-05-29,9781536457674,1,9.18,lucas.simon89@example.org,magasin
2025-11-04,9781572707313,1,18.66,lea.moreau18@example.org,marketplace
2025-09-28,9780586045145,1,37.49,theo.lefebvre54@example.org,magasin
2026-01-16,9788492412402,2,6.2,lucas.david24@example.org,Magasin
2026-04-05,9780671827038,1,12.83,emma.fournier68@example.org,magasin
2025-07-09,9786055943370,1,19.13,theo.leroy70@example.org,online
2026-05-24,9780879015497,1,15.31,ines.morel71@example.org,STORE
2026-05-20,9780224617253,1,31.13,nathan.simon59@example.org,marketplace
2026-05-10,9789020554113,1,34.1,jules.moreau17@example.org,STORE
2026-03-11,9798897248889,1,21.34,manon.laurent63@example.org,web
2025-09-22,9791000000519,2,11.41,lucas.bertrand58@example.org,online
2025-12-08,9789719201847,1,7.51,zoe.lefebvre14@example.org,online
2025-11-08,9780393091809,2,37.37,manon.leroy75@example.org,place de marché
2025-09-26,9789020632729,1,38.53,lucas.dubois80@example.org,site
2025-12-10,9791000000469,0,33.09,gabriel.dubois70@example.org,boutique
2025-09-01,9780805035650,1,23.18,manon.morel70@example.org,magasin
2026-01-21,9780062019813,1,17.06,emma.david51@example.org,boutique
2026-01-30,9781417661589,2,14.5,louis.lefebvre21@example.org,en ligne
2026-05-03,9780358023951,0,19.95,emma.bernard49@example.org,web
2025-09-28,9789388144346,1,29.31,emma.lefebvre78@example.org,site
2026-03-27,9781417727582,1,36.01,theo.david26@example.org,web
2025-09-14,9781442472426,1,23.16,jade.david78@example.org,boutique
2025-11-19,9781399633871,2,28.67,nathan.bernard68@example.org,magasin
2026-06-18,9781974932573,1,11.52,jules.roux52@example.org,boutique
2025-11-09,9780593724309,2,28.83,chloe.bernard30@example.org,marketplace
2025-10-13,9798454025748,1,33.6,arthur.leroy57@example.org,magasin
2025-10-04,9798669140557,1,36.66,gabriel.roux12@example.org,place de marché
2025-10-31,9791000000249,1,20.54,arthur.laurent56@example.org,STORE
2026-01-12,9780393963298,1,5.3,manon.lefebvre80@example.org,boutique
2026-02-02,9781250095275,1,36.04,arthur.david34@example.org,MP
2026-05-10,9781848721791,1,31.2,lucas.michel31@example.org,magasin
2025-09-15,978006095685X,1,25.32,ines.roux63@example.org,MP
2025-10-12,9791000000399,2,12.76,theo.moreau16@example.org,web
2026-02-17,9780061741005,2,19.5,camille.martin97@example.org,en ligne
2026-05-08,9780769206684,2,31.38,arthur.leroy13@example.org,boutique
2026-06-28,9780307284174,2,6.66,ines.michel90@example.org,magasin
2026-04-27,9780684131887,1,11.97,ines.morel34@example.org,boutique
2026-02-21,9780373114108,1,20.93,zoe.leroy3@example.org,online
2025-09-26,9781409095484,2,32.77,camille.michel25@example.org,en ligne
2026-06-09,9791000000309,1,20.66,camille.roux65@example.org,site
2026-04-21,9789710843480,1,28.53,camille.dubois82@example.org,place de marché
2026-02-20,9780263853087,1,16.51,manon.bertrand65@example.org,en ligne
2026-05-02,9780849202476,2,21.05,hugo.michel96@example.org,boutique
2025-09-08,9780708313503,1,14.78,manon.morel17@example.org,boutique
2026-04-18,9781119675655,1,15.25,hugo.david58@example.org,magasin
2025-09-24,9791000000289,1,16.78,lea.dubois77@example.org,web
2025-12-14,9780263130249,1,14.99,lucas.michel28@example.org,magasin
2026-05-17,9780823022748,1,5.63,arthur.dubois10@example.org,site
2026-03-21,9780821775370,1,15.25,lea.fournier10@example.org,site
2026-02-27,9780061744303,1,35.21,emma.moreau77@example.org,site
2025-11-06,9780061477416,3,9.08,emma.leroy76@example.org,magasin
2025-10-09,9781850890362,2,39.05,zoe.simon6@example.org,en ligne
2026-01-04,9781434499936,1,14.53,lea.david8@example.org,web
2025-12-29,9791000000759,2,38.51,ines.fournier91@example.org,boutique
2025-08-14,9780373511648,1,27.28,jules.fournier62@example.org,Magasin
2025-12-07,9780131272866,1,25.42,lea.dubois20@example.org,online
2025-12-10,9789507511288,1,21.01,ines.martin96@example.org,online
2026-01-19,9780358023951,1,6.34,nathan.roux82@example.org,en ligne
2026-06-04,9789994714094,1,27.93,emma.dubois5@example.org,magasin
2025-09-11,9789710843480,1,8.91,chloe.michel19@example.org,en ligne
2025-07-26,9780451493835,1,8.62,manon.fournier2@example.org,boutique
2026-01-12,9780373106233,2,9.3,jules.martin91@example.org,Magasin
2025-10-02,9781441739001,1,37.59,manon.leroy77@example.org,magasin
2026-02-20,9780007354733,1,34.37,gabriel.david31@example.org,site
2026-02-26,9781538500484,1,13.92,zoe.lefebvre13@example.org,en ligne
2026-05-24,9780374524524,1,13.56,emma.david54@example.org,en ligne
2025-07-17,9780241950265,1,16.19,zoe.bernard63@example.org,site
2025-07-18,9788418052637,1,33.29,jules.morel92@example.org,marketplace
2026-02-18,9780856352737,2,7.48,theo.bernard19@example.org,online
2025-11-22,9781417999729,1,8.53,zoe.martin56@example.org,web
2025-07-28,9781590073995,1,25.38,zoe.bernard28@example.org,web
2026-03-17,9791000000169,1,39.23,arthur.moreau41@example.org,marketplace
2026-06-27,9788447369225,1,31.64,emma.david89@example.org,web
2026-02-25,9781690319849,2,37.76,hugo.david91@example.org,en ligne
2026-05-22,9791000000459,1,19.04,camille.lefebvre29@example.org,STORE
2025-11-27,978147893377X,1,21.61,theo.michel56@example.org,magasin
2026-05-16,9780061097317,1,8.12,arthur.roux3@example.org,STORE
2026-01-25,9786051719092,3,13.09,lucas.morel65@example.org,STORE
2026-01-18,9780380813018,1,26.33,louis.dubois34@example.org,online
2025-09-06,9780071408691,1,19.21,camille.moreau7@example.org,Magasin
2025-10-25,9780553902716,1,24.91,emma.simon26@example.org,boutique
2025-09-20,9781449486792,2,15.58,emma.bertrand10@example.org,Magasin
2025-12-13,9780945001102,1,19.63,arthur.dubois18@example.org,marketplace
2025-11-28,9780224018616,1,21.79,lucas.michel46@example.org,marketplace
2025-11-27,9791000000159,3,16.19,nathan.david10@example.org,Magasin
2026-03-11,9781442006188,1,5.1,emma.roux13@example.org,STORE
2025-09-20,9780263753820,1,10.23,zoe.michel82@example.org,MP
2025-08-20,9780739371077,1,29.17,theo.roux38@example.org,STORE
2025-08-23,9786055943370,1,25.46,hugo.david26@example.org,boutique
2026-04-30,9781534438545,1,9.14,nathan.bernard71@example.org,magasin
2026-03-03,9789024512799,2,38.24,louis.dubois70@example.org,site
2026-03-13,9788535931327,1,31.83,hugo.laurent47@example.org,boutique
2026-01-12,9780263122169,2,19.83,jules.david92@example.org,online
2026-01-24,9781958292068,1,36.64,lucas.laurent6@example.org,online
2026-01-13,9780307932426,1,21.45,jules.laurent98@example.org,marketplace
2025-07-17,9788494945786,2,32.39,nathan.martin19@example.org,STORE
2026-03-04,9780736423298,1,27.29,lucas.martin62@example.org,Magasin
2025-10-22,9781616960926,1,26.89,gabriel.martin80@example.org,boutique
2025-07-12,9781735056692,2,19.91,arthur.bernard53@example.org,marketplace
2026-06-05,9780356521640,1,22.84,louis.simon87@example.org,Magasin
2026-06-20,9791000000469,1,29.14,manon.bertrand7@example.org,magasin
2025-09-20,9780007163243,2,19.33,jules.morel71@example.org,marketplace
2026-04-26,9786070793677,1,12.35,theo.laurent39@example.org,boutique
2025-12-28,9781441739001,2,36.02,emma.bernard87@example.org,boutique
2025-08-14,9783893400614,0,11.58,chloe.lefebvre27@example.org,web
2026-01-03,9783550068751,1,38.25,nathan.dubois9@example.org,magasin
2026-01-25,9780061244650,2,22.93,hugo.simon94@example.org,STORE
2025-11-24,9780517202753,1,5.31,hugo.leroy11@example.org,online
2025-12-01,9780373110926,1,22.26,jade.morel55@example.org,online
2026-03-31,9781942788768,1,30.9,jules.michel50@example.org,Magasin
2026-06-15,9781559348263,1,6.78,emma.morel35@example.org,STORE
2025-07-20,9781442426757,1,14.71,camille.dubois57@example.org,magasin
2026-03-06,9781559213356,1,31.83,louis.morel18@example.org,boutique
2025-11-13,9780373104383,1,19.89,theo.bertrand64@example.org,boutique
2025-07-01,9780007493579,3,14.96,chloe.moreau41@example.org,site
2025-09-09,9781119675655,1,27.47,zoe.bertrand41@example.org,magasin
2026-02-05,9791000000679,1,6.38,emma.morel25@example.org,boutique
2025-07-15,9780679432531,2,29.33,louis.roux52@example.org,web
2025-07-29,9780765391162,2,27.53,jade.laurent23@example.org,online
2026-05-21,9780307815651,2,9.99,lea.bernard61@example.org,Magasin
2026-05-21,9781559343602,1,14.17,nathan.simon97@example.org,en ligne
2025-08-03,9781408982884,1,38.63,lucas.simon18@example.org,en ligne
2025-12-02,9781480342187,1,37.52,chloe.david47@example.org,place de marché
2026-05-30,9780671702427,1,22.25,arthur.morel8@example.org,web
2025-07-11,9781568955575,1,19.28,zoe.leroy66@example.org,web
2026-02-27,9781532913686,1,15.42,ines.lefebvre21@example.org,en ligne
2026-03-09,9780263121407,1,33.54,hugo.simon85@example.org,STORE
2025-11-22,9798893311020,1,19.76,louis.dubois64@example.org,site
2026-02-24,9781653656752,2,38.96,lucas.lefebvre97@example.org,magasin
2025-12-29,978957467950X,3,37.92,lea.morel57@example.org,site
2025-07-15,9788416029808,1,25.01,hugo.dubois85@example.org,magasin
2025-10-24,9781444833386,1,16.08,nathan.morel42@example.org,en ligne
2025-09-07,9780471119463,1,19.92,ines.leroy28@example.org,STORE
2026-03-05,9781613822494,3,12.77,emma.simon90@example.org,online
2026-01-27,9780521205542,1,14.79,jade.moreau58@example.org,online
2025-07-21,9781466864580,1,5.47,lucas.michel9@example.org,boutique
2026-01-02,9788420683324,1,26.25,camille.moreau34@example.org,STORE
2025-12-07,9780575085688,1,32.41,arthur.michel1@example.org,STORE
2025-11-25,9781101138816,1,8.14,manon.simon31@example.org,STORE
2026-03-08,9783442249329,1,13.48,emma.dubois47@example.org,MP
2026-06-18,9783502551638,2,16.3,manon.roux2@example.org,online
2026-06-07,9791000000569,1,16.78,lucas.michel44@example.org,marketplace
2025-12-03,9781283677127,1,14.48,arthur.fournier48@example.org,web
2025-12-20,9780136054054,1,12.87,lea.roux75@example.org,STORE
2025-11-27,9782221125779,1,33.98,chloe.morel33@example.org,boutique
2025-08-31,9780061728419,1,26.07,chloe.bertrand42@example.org,Magasin
2025-10-11,9780785715627,1,23.7,lea.bernard69@example.org,MP
2026-02-19,9783257208634,1,28.53,louis.david62@example.org,STORE
2026-06-04,9783442249329,1,12.64,ines.fournier40@example.org,boutique
2026-06-24,9781119621508,2,31.65,lucas.michel23@example.org,boutique
2025-09-23,9789500417563,2,25.15,jules.lefebvre86@example.org,web
2026-03-10,9780091203207,1,18.38,arthur.leroy17@example.org,MP
2025-08-09,9798454025748,1,5.56,chloe.david94@example.org,site
2026-05-01,9780451525918,1,5.39,theo.roux25@example.org,site
2025-09-04,9781713532125,1,10.25,hugo.michel18@example.org,marketplace
2026-05-30,9780316501286,1,26.31,hugo.michel11@example.org,STORE
2026-02-27,9781591846918,1,11.63,lea.bertrand16@example.org,Magasin
2026-05-15,9781322110233,1,4.97,ines.fournier83@example.org,boutique
2025-09-25,9780550200686,2,26.17,hugo.michel5@example.org,STORE
2026-01-29,9780256234787,1,10.7,ines.simon35@example.org,place de marché
2026-05-19,9783734163357,1,17.38,jade.bernard34@example.org,magasin
2025-10-10,9785170178285,1,14.82,louis.leroy4@example.org,STORE
2025-11-23,9798986868035,2,21.34,manon.leroy96@example.org,web
2026-01-21,9791000000569,1,26.84,arthur.lefebvre59@example.org,Magasin
2025-09-07,9788427911758,1,14.34,nathan.lefebvre70@example.org,magasin
2025-08-08,9780880881326,1,35.16,zoe.bernard83@example.org,STORE
2026-03-08,9780486851921,2,16.76,emma.leroy90@example.org,STORE
2026-02-17,9780786918065,1,31.9,chloe.dubois46@example.org,online
2026-03-30,9780671742881,1,10.88,ines.martin58@example.org,Magasin
2025-10-06,978030747249X,3,21.83,ines.leroy96@example.org,magasin
2026-02-12,9781405224031,1,34.03,nathan.moreau54@example.org,site
2026-03-11,9781974052264,1,37.69,jade.martin58@example.org,web
2025-11-07,9781536681949,1,32.76,ines.morel30@example.org,magasin
2025-09-19,9788466642613,1,25.49,zoe.roux24@example.org,web
2026-01-29,9788447333165,1,12.38,ines.bertrand29@example.org,boutique
2026-05-31,9788501117687,1,15.96,nathan.bertrand84@example.org,en ligne
2025-10-06,9788427911758,1,15.86,theo.morel24@example.org,STORE
2026-01-24,9781536681949,2,12.88,louis.david1@example.org,marketplace
2026-04-28,9798627347820,1,23.73,chloe.simon76@example.org,magasin
2026-03-29,9780356521640,1,16.74,gabriel.david77@example.org,boutique
2026-06-23,9781958943052,2,31.78,jules.laurent38@example.org,en ligne
2026-02-22,9783442457472,1,21.62,nathan.dubois52@example.org,magasin
2025-07-14,9780809533756,2,21.0,gabriel.simon66@example.org,Magasin
2025-10-13,9781974343539,1,12.2,emma.michel22@example.org,web
2025-11-02,9788427298286,1,20.11,camille.roux71@example.org,STORE
2026-05-30,9781857234701,1,36.0,gabriel.roux1@example.org,marketplace
2025-12-07,9789333394918,1,39.55,gabriel.leroy1@example.org,magasin
2025-10-02,9780358023951,1,16.38,lea.dubois98@example.org,magasin
2026-03-01,9781936719112,1,19.79,zoe.fournier3@example.org,MP
2025-12-29,978957467950X,3,37.92,lea.morel57@example.org,site
2026-01-17,9788477111252,1,34.12,chloe.fournier49@example.org,web
2026-02-28,9781597223072,3,29.42,lucas.simon58@example.org,en ligne
2025-10-16,9788804686521,0,10.99,ines.roux42@example.org,STORE
2025-12-30,9780216897984,1,18.05,camille.martin36@example.org,STORE
2026-03-02,9780511783289,1,16.63,gabriel.laurent24@example.org,boutique
2025-09-15,9780749459116,2,12.41,jade.michel11@example.org,marketplace
2026-05-03,9791000000969,1,10.68,louis.bertrand35@example.org,Magasin
2026-05-14,9791000000809,1,15.01,hugo.roux57@example.org,STORE
2025-10-25,9780534359454,2,7.01,jules.roux89@example.org,boutique
2026-01-25,9781730710735,1,38.54,nathan.bertrand10@example.org,boutique
2026-02-16,9791000000799,2,26.11,zoe.bernard35@example.org,marketplace
2025-07-06,9781976709135,1,13.85,arthur.martin8@example.org,Magasin
2026-05-14,9780241573754,3,10.31,gabriel.laurent52@example.org,boutique
2026-05-14,9781685450984,1,12.73,camille.morel31@example.org,online
2026-05-09,9780765316974,1,10.27,zoe.bertrand76@example.org,site
2025-10-08,9791000000249,1,4.65,gabriel.bernard39@example.org,online
2026-03-18,9781850890362,1,31.43,hugo.roux63@example.org,STORE
2026-02-21,9781093750065,2,38.42,theo.roux94@example.org,STORE
2026-03-22,9788499300023,1,16.63,chloe.morel76@example.org,boutique
2026-06-18,9780070078727,2,35.84,gabriel.simon12@example.org,online
2026-02-21,9781605090962,1,7.52,chloe.simon37@example.org,web
2026-01-09,9780263758993,1,38.99,hugo.david69@example.org,boutique
2025-10-03,9780862201234,1,27.58,hugo.dubois83@example.org,magasin
2026-05-01,9780545541251,1,10.09,zoe.fournier2@example.org,Magasin
2025-12-14,9780517082461,3,20.27,theo.morel14@example.org,STORE
2026-05-31,9781408982884,3,33.41,jules.simon69@example.org,boutique
2026-01-14,9788420683324,1,38.93,gabriel.david99@example.org,boutique
2026-01-18,9780393656435,1,22.61,gabriel.martin56@example.org,boutique
2026-04-01,9780062273208,2,17.72,jade.bernard26@example.org,Magasin
2026-05-19,9781804990278,3,28.88,arthur.leroy6@example.org,STORE
2026-05-23,9781094048994,1,13.06,arthur.laurent39@example.org,boutique
2025-08-17,9791000000969,1,28.76,lucas.michel91@example.org,boutique
2026-03-02,9781071068403,1,7.68,louis.martin94@example.org,web
2026-03-13,9781591846918,1,27.93,zoe.morel40@example.org,magasin
2026-01-12,9780307284174,1,17.33,manon.bernard22@example.org,web
2025-12-13,9780241753859,1,10.58,jade.fournier78@example.org,site
2025-07-08,9798377220947,1,33.01,arthur.roux90@example.org,STORE
2025-10-27,9781440673641,1,9.51,camille.bernard45@example.org,en ligne
2025-08-21,9780470083734,2,37.67,hugo.moreau17@example.org,boutique
2025-11-20,9780416027020,1,22.87,emma.lefebvre63@example.org,marketplace
2025-11-14,9780697034342,3,11.35,theo.simon54@example.org,online
2026-04-05,9781495096105,1,14.8,ines.lefebvre49@example.org,marketplace
2026-01-21,9788447333165,1,11.85,camille.bertrand63@example.org,boutique
2025-12-02,9780816137152,1,10.08,gabriel.simon77@example.org,magasin
2026-05-24,9781473888357,1,21.35,jade.bertrand35@example.org,place de marché
2026-01-11,9780373511648,1,22.87,lea.simon27@example.org,boutique
2026-03-25,9798479401305,1,10.98,jade.bertrand12@example.org,STORE
2025-12-26,9791000000509,1,28.34,hugo.lefebvre94@example.org,STORE
2025-08-25,9791000000959,1,5.94,lucas.leroy65@example.org,STORE
2026-01-07,9789189298323,2,6.12,chloe.bernard32@example.org,Magasin
2025-07-03,9791000000549,1,10.45,lucas.martin72@example.org,boutique
2025-11-08,9780349440187,1,39.3,zoe.david12@example.org,en ligne
2025-09-08,9788579623844,1,28.11,jade.roux76@example.org,online
2025-07-08,9788828350453,1,30.26,manon.dubois30@example.org,STORE
2025-12-25,9780263775570,1,11.37,manon.michel49@example.org,Magasin
2026-06-13,9791000000829,1,31.06,lea.fournier32@example.org,boutique
2026-01-04,9791000000329,1,35.13,jules.fournier71@example.org,web
2025-12-11,9791000000399,1,10.88,louis.lefebvre60@example.org,MP
2026-06-10,9780063429147,1,21.34,lucas.roux49@example.org,web
2026-05-19,9798893310856,0,15.9,gabriel.dubois95@example.org,STORE
2026-01-08,9785170912360,1,9.67,chloe.david85@example.org,magasin
2026-04-14,9781886463172,1,35.65,arthur.roux74@example.org,STORE
2025-07-20,9781975618674,1,11.32,theo.bernard77@example.org,Magasin
2025-07-09,9780809533756,2,20.64,jade.dubois47@example.org,magasin
2025-09-08,9780070441606,3,24.68,zoe.morel30@example.org,magasin
2026-02-01,978147893377X,3,17.85,manon.fournier5@example.org,STORE
2025-09-25,9780393656435,1,9.95,hugo.leroy87@example.org,site
2025-12-13,9780061002823,1,12.5,lucas.david64@example.org,magasin
2025-09-05,9780198118312,1,35.55,jules.laurent54@example.org,STORE
2025-08-14,9789710843480,1,23.55,louis.michel13@example.org,STORE
2025-09-05,9780736628174,1,27.27,hugo.roux24@example.org,Magasin
2025-09-23,9788422631880,1,33.75,gabriel.martin26@example.org,site
2026-02-24,9780786215133,2,8.36,emma.martin63@example.org,boutique
2026-02-22,9781089496199,3,27.86,louis.leroy71@example.org,MP
2025-10-25,9780061739590,1,16.37,hugo.fournier25@example.org,boutique
2025-07-29,9781565843790,2,30.3,lea.bernard30@example.org,Magasin
2025-10-29,9780393963298,1,37.86,arthur.morel8@example.org,magasin
2026-02-08,9780380813018,1,16.96,jules.michel98@example.org,marketplace
2026-02-12,9780263095760,1,7.15,nathan.simon95@example.org,STORE
2026-05-23,9780195365931,1,6.79,zoe.dubois6@example.org,online
2025-09-12,9780714822761,1,36.43,manon.moreau22@example.org,boutique
2026-06-11,9780843940008,2,18.22,lea.david26@example.org,STORE
2025-12-02,9780312472849,1,30.19,jade.leroy15@example.org,Magasin
2026-02-16,9791000000769,1,33.5,theo.martin7@example.org,magasin
2026-06-18,9781534431010,1,28.51,lea.roux77@example.org,online
2026-04-19,9780216897984,1,26.72,gabriel.morel8@example.org,en ligne
2026-01-26,9782266227049,2,27.22,manon.martin33@example.org,STORE
2026-04-29,9791000000989,2,14.65,theo.dubois83@example.org,place de marché
2025-07-03,9781417727582,1,10.41,nathan.leroy72@example.org,Magasin
2026-02-16,9791000000799,2,26.11,zoe.bernard35@example.org,marketplace
2026-06-11,9780460116947,2,6.88,gabriel.moreau70@example.org,boutique
2026-04-15,9780345913722,0,17.02,theo.leroy99@example.org,boutique
2026-02-11,9787555027706,3,7.62,jules.leroy6@example.org,Magasin
2026-02-13,9791000000119,1,5.17,jade.morel20@example.org,online
2026-04-11,9781092148580,1,39.52,chloe.moreau87@example.org,en ligne
2026-02-12,9780356502571,1,13.78,emma.fournier26@example.org,en ligne
2026-06-09,9780785752387,1,29.73,gabriel.laurent75@example.org,web
2025-08-05,9780340874592,1,19.31,ines.bernard60@example.org,Magasin
2026-03-23,9780878210329,0,20.74,chloe.laurent13@example.org,site
2025-11-02,9788427298286,1,20.11,camille.roux71@example.org,STORE
2026-04-18,9788427911758,1,20.14,arthur.fournier94@example.org,STORE
2025-11-29,9781338611991,1,38.55,gabriel.bertrand29@example.org,marketplace
2026-01-23,9780792443483,1,8.04,emma.michel72@example.org,boutique
2026-05-31,9780671692650,1,37.79,nathan.david67@example.org,STORE
2025-08-26,9780967162461,1,18.0,nathan.morel64@example.org,STORE
2026-06-17,9780195365931,1,13.13,manon.martin62@example.org,en ligne
2025-07-29,9780062457806,1,17.02,zoe.martin13@example.org,boutique
2025-10-15,9791000000379,1,36.04,emma.bernard99@example.org,Magasin
2025-09-01,9786055943370,2,21.08,lea.lefebvre53@example.org,web
2026-04-14,9798627159133,3,31.68,emma.martin67@example.org,STORE
2026-05-01,9781424231355,1,34.77,ines.michel72@example.org,site
2026-06-10,9781665141253,3,17.34,gabriel.moreau32@example.org,Magasin
2026-05-25,9788492412402,1,36.96,manon.michel78@example.org,site
2026-04-08,9791000000479,2,25.26,jules.simon49@example.org,site
2026-02-20,9781841492391,1,28.4,ines.laurent27@example.org,magasin
2025-10-20,9798855127560,1,23.9,manon.simon81@example.org,STORE
2025-10-06,9781591026907,1,35.93,jules.michel69@example.org,STORE
2025-08-27,9780072466652,1,19.61,zoe.martin88@example.org,web
2025-09-30,9780064601375,2,37.6,chloe.david81@example.org,STORE
2026-02-09,9781481428149,2,13.24,arthur.roux1@example.org,boutique
2025-11-07,9780793546534,2,24.93,ines.moreau91@example.org,site
2025-09-26,9788417454432,1,12.52,arthur.simon21@example.org,boutique
2026-04-25,9791000000549,1,33.52,ines.dubois31@example.org,en ligne
2025-09-06,9798669140557,1,37.18,theo.simon36@example.org,magasin
2026-02-13,9791000000119,1,5.17,jade.morel20@example.org,online
2026-05-03,9780843934632,1,36.28,zoe.roux56@example.org,Magasin
2026-01-28,9781439580721,1,33.8,lea.leroy75@example.org,boutique
2026-06-14,9798438389804,1,37.27,louis.morel15@example.org,en ligne
2026-05-01,9781441739001,1,39.33,theo.dubois86@example.org,web
2026-04-03,9781409413615,1,12.94,lea.martin98@example.org,online
2026-04-12,9798642299869,1,24.74,nathan.david65@example.org,boutique
2025-08-03,9781402593833,1,14.56,zoe.bertrand41@example.org,online
2026-01-25,9791000000039,2,7.07,nathan.laurent54@example.org,site
2026-04-28,9782021011968,1,32.48,zoe.david38@example.org,web
2026-05-10,9781690319849,1,32.15,zoe.bernard66@example.org,STORE
2026-06-04,9781405224031,1,16.45,lea.lefebvre71@example.org,web
2026-06-16,9781534487673,3,39.37,ines.morel89@example.org,Magasin
2026-03-21,9788418483448,1,24.39,camille.simon84@example.org,Magasin
2026-04-05,9788374805568,2,12.2,lea.morel32@example.org,boutique
2025-08-21,9780321793102,1,5.62,chloe.bernard77@example.org,site
2026-01-01,9780263778724,1,35.6,arthur.roux18@example.org,web
2025-12-08,9780061550676,1,38.38,lucas.bernard15@example.org,Magasin
2025-09-21,9789583004506,1,13.36,zoe.leroy41@example.org,Magasin
2025-09-11,9786055943370,1,12.7,theo.laurent10@example.org,STORE
2026-04-12,9780385233132,1,31.29,gabriel.moreau16@example.org,site
2025-08-21,9781101138052,1,13.75,gabriel.leroy2@example.org,boutique
2025-08-03,9780333675182,2,17.84,jules.bertrand3@example.org,Magasin
2026-02-02,9783453186880,1,26.21,nathan.dubois68@example.org,site
2025-12-07,9780007299805,1,16.59,theo.lefebvre11@example.org,Magasin
2025-10-29,9780263771213,3,11.94,arthur.moreau86@example.org,web
2025-07-25,9780380821099,1,9.47,theo.david63@example.org,magasin
2026-02-25,9780373833740,1,25.09,emma.bernard41@example.org,Magasin
2026-02-06,9791000000749,2,11.99,hugo.fournier4@example.org,MP
2025-08-04,9781531888176,2,37.55,gabriel.fournier55@example.org,online
2025-07-08,9781108057875,1,6.57,gabriel.david44@example.org,en ligne
2026-01-21,9791000000569,1,26.84,arthur.lefebvre59@example.org,Magasin
2026-05-30,9788418483448,1,12.36,jade.laurent43@example.org,magasin
2025-07-08,9798377220947,1,33.01,arthur.roux90@example.org,STORE
2025-10-02,9798479401305,1,17.58,louis.fournier65@example.org,place de marché
2025-08-27,9791000000459,1,39.42,jules.morel62@example.org,magasin
2026-05-10,9798716103634,1,22.93,jules.bertrand67@example.org,en ligne
2026-04-22,9788447369225,1,13.38,chloe.dubois73@example.org,STORE
2026-05-24,9781473888357,1,21.35,jade.bertrand35@example.org,place de marché
2026-02-02,9780393963298,1,18.61,jade.david86@example.org,STORE
2026-02-05,9781559348263,1,24.59,theo.michel47@example.org,boutique
2025-07-10,9780434007493,1,14.18,chloe.leroy5@example.org,marketplace
2026-05-04,9780393419610,3,17.4,louis.bernard58@example.org,online
2025-09-12,9783898535526,1,20.53,camille.david30@example.org,boutique
2026-02-28,9798433379008,1,37.51,theo.simon73@example.org,STORE
2025-12-11,9785811232321,1,29.64,lea.fournier94@example.org,STORE
2026-05-15,9780356521640,1,26.6,arthur.dubois51@example.org,en ligne
2025-11-27,9780099439752,1,16.13,gabriel.leroy44@example.org,site
2025-08-04,9781535540124,1,9.86,nathan.lefebvre68@example.org,magasin
2026-01-26,9781421889276,1,23.08,chloe.leroy87@example.org,web
2025-11-24,9791000000569,1,22.25,hugo.david32@example.org,marketplace
2026-04-11,9781405617093,2,34.09,arthur.michel49@example.org,MP
2026-05-24,9780061492570,1,6.82,arthur.simon2@example.org,magasin
2025-10-31,9780060826086,2,12.97,zoe.bernard23@example.org,magasin
2026-06-24,9781958943052,1,35.64,nathan.morel25@example.org,MP
2025-12-09,9780679729525,1,22.03,lucas.roux14@example.org,web
2025-11-25,9791000000819,1,8.15,emma.leroy22@example.org,MP
2025-10-01,9788448034580,1,36.02,arthur.dubois55@example.org,STORE
2025-11-24,9781432899011,1,35.79,chloe.morel74@example.org,site
2025-11-10,9780821778555,1,19.06,arthur.david16@example.org,Magasin
2026-02-26,9780001711129,1,19.14,camille.bernard39@example.org,en ligne
2025-09-20,9791000000529,1,16.69,jade.laurent66@example.org,STORE
2026-05-30,9780671702427,1,22.25,arthur.morel8@example.org,web
2025-08-07,9780879015497,2,21.7,jules.roux56@example.org,online
2026-01-26,9780999174067,2,21.63,gabriel.simon65@example.org,site
2025-10-27,9780007527564,1,36.82,jules.lefebvre21@example.org,Magasin
2026-06-24,9783550068751,1,39.73,louis.dubois77@example.org,Magasin
2026-01-14,9783423763349,1,18.75,louis.laurent80@example.org,STORE
2026-03-19,9791000000949,1,29.29,lucas.bertrand86@example.org,web
2025-11-01,9780345461629,1,31.46,nathan.morel37@example.org,boutique
2025-10-29,9780263762495,1,6.06,chloe.dubois18@example.org,boutique
2025-07-08,9781474055437,3,33.17,chloe.morel8@example.org,magasin
2026-05-17,9788427298293,1,28.16,nathan.dubois25@example.org,en ligne
2026-02-17,9780470083734,2,6.8,nathan.morel50@example.org,web
2026-06-05,9780356521640,1,22.84,louis.simon87@example.org,Magasin
2026-03-15,9780141018980,1,9.04,hugo.leroy13@example.org,STORE
2026-03-16,9780708313503,1,21.61,manon.martin45@example.org,boutique
